Time;SPINE_BASE_X,SPINE_BASE_Y,SPINE_BASE_Z;SPINE_MID_X,SPINE_MID_Y,SPINE_MID_Z;NECK_X,NECK_Y,NECK_Z;HEAD_X,HEAD_Y,HEAD_Z;SHOULDER_LEFT_X,SHOULDER_LEFT_Y,SHOULDER_LEFT_Z;ELBOW_LEFT_X,ELBOW_LEFT_Y,ELBOW_LEFT_Z;WRIST_LEFT_X,WRIST_LEFT_Y,WRIST_LEFT_Z;HAND_LEFT_X,HAND_LEFT_Y,HAND_LEFT_Z;SHOULDER_RIGHT_X,SHOULDER_RIGHT_Y,SHOULDER_RIGHT_Z;ELBOW_RIGHT_X,ELBOW_RIGHT_Y,ELBOW_RIGHT_Z;WRIST_RIGHT_X,WRIST_RIGHT_Y,WRIST_RIGHT_Z;HAND_RIGHT_X,HAND_RIGHT_Y,HAND_RIGHT_Z;HIP_LEFT_X,HIP_LEFT_Y,HIP_LEFT_Z;KNEE_LEFT_X,KNEE_LEFT_Y,KNEE_LEFT_Z;ANKLE_LEFT_X,ANKLE_LEFT_Y,ANKLE_LEFT_Z;FOOT_LEFT_X,FOOT_LEFT_Y,FOOT_LEFT_Z;HIP_RIGHT_X,HIP_RIGHT_Y,HIP_RIGHT_Z;KNEE_RIGHT_X,KNEE_RIGHT_Y,KNEE_RIGHT_Z;ANKLE_RIGHT_X,ANKLE_RIGHT_Y,ANKLE_RIGHT_Z;FOOT_RIGHT_X,FOOT_RIGHT_Y,FOOT_RIGHT_Z;SPINE_SHOULDER_X,SPINE_SHOULDER_Y,SPINE_SHOULDER_Z;HAND_TIP_LEFT_X,HAND_TIP_LEFT_Y,HAND_TIP_LEFT_Z;THUMB_LEFT_X,THUMB_LEFT_Y,THUMB_LEFT_Z;HAND_TIP_RIGHT_X,HAND_TIP_RIGHT_Y,HAND_TIP_RIGHT_Z;THUMB_RIGHT_X,THUMB_RIGHT_Y,THUMB_RIGHT_Z
1841;4.9115505E-25,0.0,4.9136647E-25;0.0,0.0,0.0;0.0,0.0,0.0;0.0,0.0,0.0;0.0,0.0,0.0;0.0,0.0,0.0;0.0,0.0,0.0;0.0,0.0,0.0;0.0,0.0,0.0;0.0,0.0,0.0;0.0,0.0,0.0;0.0,0.0,0.0;0.0,0.0,0.0;0.0,0.0,0.0;0.0,0.0,0.0;0.0,0.0,0.0;0.0,0.0,0.0;0.0,0.0,0.0;0.0,0.0,0.0;0.0,0.0,0.0;0.0,0.0,0.0;0.0,0.0,0.0;0.0,0.0,0.0;0.0,0.0,0.0;0.0,0.0,0.0
1871;4.9115505E-25,0.0,4.9136647E-25;0.0,0.0,0.0;0.0,0.0,0.0;0.0,0.0,0.0;0.0,0.0,0.0;0.0,0.0,0.0;0.0,0.0,0.0;0.0,0.0,0.0;0.0,0.0,0.0;0.0,0.0,0.0;0.0,0.0,0.0;0.0,0.0,0.0;0.0,0.0,0.0;0.0,0.0,0.0;0.0,0.0,0.0;0.0,0.0,0.0;0.0,0.0,0.0;0.0,0.0,0.0;0.0,0.0,0.0;0.0,0.0,0.0;0.0,0.0,0.0;0.0,0.0,0.0;0.0,0.0,0.0;0.0,0.0,0.0;0.0,0.0,0.0
1907;4.9115505E-25,0.0,4.9136647E-25;0.0,0.0,0.0;0.0,0.0,0.0;0.0,0.0,0.0;0.0,0.0,0.0;0.0,0.0,0.0;0.0,0.0,0.0;0.0,0.0,0.0;0.0,0.0,0.0;0.0,0.0,0.0;0.0,0.0,0.0;0.0,0.0,0.0;0.0,0.0,0.0;0.0,0.0,0.0;0.0,0.0,0.0;0.0,0.0,0.0;0.0,0.0,0.0;0.0,0.0,0.0;0.0,0.0,0.0;0.0,0.0,0.0;0.0,0.0,0.0;0.0,0.0,0.0;0.0,0.0,0.0;0.0,0.0,0.0;0.0,0.0,0.0
1939;4.9115505E-25,0.0,4.9136647E-25;0.0,0.0,0.0;0.0,0.0,0.0;0.0,0.0,0.0;0.0,0.0,0.0;0.0,0.0,0.0;0.0,0.0,0.0;0.0,0.0,0.0;0.0,0.0,0.0;0.0,0.0,0.0;0.0,0.0,0.0;0.0,0.0,0.0;0.0,0.0,0.0;0.0,0.0,0.0;0.0,0.0,0.0;0.0,0.0,0.0;0.0,0.0,0.0;0.0,0.0,0.0;0.0,0.0,0.0;0.0,0.0,0.0;0.0,0.0,0.0;0.0,0.0,0.0;0.0,0.0,0.0;0.0,0.0,0.0;0.0,0.0,0.0
1970;4.9115505E-25,0.0,4.9136647E-25;0.0,0.0,0.0;0.0,0.0,0.0;0.0,0.0,0.0;0.0,0.0,0.0;0.0,0.0,0.0;0.0,0.0,0.0;0.0,0.0,0.0;0.0,0.0,0.0;0.0,0.0,0.0;0.0,0.0,0.0;0.0,0.0,0.0;0.0,0.0,0.0;0.0,0.0,0.0;0.0,0.0,0.0;0.0,0.0,0.0;0.0,0.0,0.0;0.0,0.0,0.0;0.0,0.0,0.0;0.0,0.0,0.0;0.0,0.0,0.0;0.0,0.0,0.0;0.0,0.0,0.0;0.0,0.0,0.0;0.0,0.0,0.0
2002;4.9115505E-25,0.0,4.9136647E-25;0.0,0.0,0.0;0.0,0.0,0.0;0.0,0.0,0.0;0.0,0.0,0.0;0.0,0.0,0.0;0.0,0.0,0.0;0.0,0.0,0.0;0.0,0.0,0.0;0.0,0.0,0.0;0.0,0.0,0.0;0.0,0.0,0.0;0.0,0.0,0.0;0.0,0.0,0.0;0.0,0.0,0.0;0.0,0.0,0.0;0.0,0.0,0.0;0.0,0.0,0.0;0.0,0.0,0.0;0.0,0.0,0.0;0.0,0.0,0.0;0.0,0.0,0.0;0.0,0.0,0.0;0.0,0.0,0.0;0.0,0.0,0.0
2034;4.9115505E-25,0.0,4.9136647E-25;0.0,0.0,0.0;0.0,0.0,0.0;0.0,0.0,0.0;0.0,0.0,0.0;0.0,0.0,0.0;0.0,0.0,0.0;0.0,0.0,0.0;0.0,0.0,0.0;0.0,0.0,0.0;0.0,0.0,0.0;0.0,0.0,0.0;0.0,0.0,0.0;0.0,0.0,0.0;0.0,0.0,0.0;0.0,0.0,0.0;0.0,0.0,0.0;0.0,0.0,0.0;0.0,0.0,0.0;0.0,0.0,0.0;0.0,0.0,0.0;0.0,0.0,0.0;0.0,0.0,0.0;0.0,0.0,0.0;0.0,0.0,0.0
2066;4.9115505E-25,0.0,4.9136647E-25;0.0,0.0,0.0;0.0,0.0,0.0;0.0,0.0,0.0;0.0,0.0,0.0;0.0,0.0,0.0;0.0,0.0,0.0;0.0,0.0,0.0;0.0,0.0,0.0;0.0,0.0,0.0;0.0,0.0,0.0;0.0,0.0,0.0;0.0,0.0,0.0;0.0,0.0,0.0;0.0,0.0,0.0;0.0,0.0,0.0;0.0,0.0,0.0;0.0,0.0,0.0;0.0,0.0,0.0;0.0,0.0,0.0;0.0,0.0,0.0;0.0,0.0,0.0;0.0,0.0,0.0;0.0,0.0,0.0;0.0,0.0,0.0
2113;4.9115505E-25,0.0,4.9136647E-25;0.0,0.0,0.0;0.0,0.0,0.0;0.0,0.0,0.0;0.0,0.0,0.0;0.0,0.0,0.0;0.0,0.0,0.0;0.0,0.0,0.0;0.0,0.0,0.0;0.0,0.0,0.0;0.0,0.0,0.0;0.0,0.0,0.0;0.0,0.0,0.0;0.0,0.0,0.0;0.0,0.0,0.0;0.0,0.0,0.0;0.0,0.0,0.0;0.0,0.0,0.0;0.0,0.0,0.0;0.0,0.0,0.0;0.0,0.0,0.0;0.0,0.0,0.0;0.0,0.0,0.0;0.0,0.0,0.0;0.0,0.0,0.0
2137;4.9115505E-25,0.0,4.9136647E-25;0.0,0.0,0.0;0.0,0.0,0.0;0.0,0.0,0.0;0.0,0.0,0.0;0.0,0.0,0.0;0.0,0.0,0.0;0.0,0.0,0.0;0.0,0.0,0.0;0.0,0.0,0.0;0.0,0.0,0.0;0.0,0.0,0.0;0.0,0.0,0.0;0.0,0.0,0.0;0.0,0.0,0.0;0.0,0.0,0.0;0.0,0.0,0.0;0.0,0.0,0.0;0.0,0.0,0.0;0.0,0.0,0.0;0.0,0.0,0.0;0.0,0.0,0.0;0.0,0.0,0.0;0.0,0.0,0.0;0.0,0.0,0.0
2170;4.9115505E-25,0.0,4.9136647E-25;0.0,0.0,0.0;0.0,0.0,0.0;0.0,0.0,0.0;0.0,0.0,0.0;0.0,0.0,0.0;0.0,0.0,0.0;0.0,0.0,0.0;0.0,0.0,0.0;0.0,0.0,0.0;0.0,0.0,0.0;0.0,0.0,0.0;0.0,0.0,0.0;0.0,0.0,0.0;0.0,0.0,0.0;0.0,0.0,0.0;0.0,0.0,0.0;0.0,0.0,0.0;0.0,0.0,0.0;0.0,0.0,0.0;0.0,0.0,0.0;0.0,0.0,0.0;0.0,0.0,0.0;0.0,0.0,0.0;0.0,0.0,0.0
2206;4.9115505E-25,0.0,4.9136647E-25;0.0,0.0,0.0;0.0,0.0,0.0;0.0,0.0,0.0;0.0,0.0,0.0;0.0,0.0,0.0;0.0,0.0,0.0;0.0,0.0,0.0;0.0,0.0,0.0;0.0,0.0,0.0;0.0,0.0,0.0;0.0,0.0,0.0;0.0,0.0,0.0;0.0,0.0,0.0;0.0,0.0,0.0;0.0,0.0,0.0;0.0,0.0,0.0;0.0,0.0,0.0;0.0,0.0,0.0;0.0,0.0,0.0;0.0,0.0,0.0;0.0,0.0,0.0;0.0,0.0,0.0;0.0,0.0,0.0;0.0,0.0,0.0
2237;4.9115505E-25,0.0,4.9136647E-25;0.0,0.0,0.0;0.0,0.0,0.0;0.0,0.0,0.0;0.0,0.0,0.0;0.0,0.0,0.0;0.0,0.0,0.0;0.0,0.0,0.0;0.0,0.0,0.0;0.0,0.0,0.0;0.0,0.0,0.0;0.0,0.0,0.0;0.0,0.0,0.0;0.0,0.0,0.0;0.0,0.0,0.0;0.0,0.0,0.0;0.0,0.0,0.0;0.0,0.0,0.0;0.0,0.0,0.0;0.0,0.0,0.0;0.0,0.0,0.0;0.0,0.0,0.0;0.0,0.0,0.0;0.0,0.0,0.0;0.0,0.0,0.0
2270;4.9115505E-25,0.0,4.9136647E-25;0.0,0.0,0.0;0.0,0.0,0.0;0.0,0.0,0.0;0.0,0.0,0.0;0.0,0.0,0.0;0.0,0.0,0.0;0.0,0.0,0.0;0.0,0.0,0.0;0.0,0.0,0.0;0.0,0.0,0.0;0.0,0.0,0.0;0.0,0.0,0.0;0.0,0.0,0.0;0.0,0.0,0.0;0.0,0.0,0.0;0.0,0.0,0.0;0.0,0.0,0.0;0.0,0.0,0.0;0.0,0.0,0.0;0.0,0.0,0.0;0.0,0.0,0.0;0.0,0.0,0.0;0.0,0.0,0.0;0.0,0.0,0.0
2306;4.9115505E-25,0.0,4.9136647E-25;0.0,0.0,0.0;0.0,0.0,0.0;0.0,0.0,0.0;0.0,0.0,0.0;0.0,0.0,0.0;0.0,0.0,0.0;0.0,0.0,0.0;0.0,0.0,0.0;0.0,0.0,0.0;0.0,0.0,0.0;0.0,0.0,0.0;0.0,0.0,0.0;0.0,0.0,0.0;0.0,0.0,0.0;0.0,0.0,0.0;0.0,0.0,0.0;0.0,0.0,0.0;0.0,0.0,0.0;0.0,0.0,0.0;0.0,0.0,0.0;0.0,0.0,0.0;0.0,0.0,0.0;0.0,0.0,0.0;0.0,0.0,0.0
2337;4.9115505E-25,0.0,4.9136647E-25;0.0,0.0,0.0;0.0,0.0,0.0;0.0,0.0,0.0;0.0,0.0,0.0;0.0,0.0,0.0;0.0,0.0,0.0;0.0,0.0,0.0;0.0,0.0,0.0;0.0,0.0,0.0;0.0,0.0,0.0;0.0,0.0,0.0;0.0,0.0,0.0;0.0,0.0,0.0;0.0,0.0,0.0;0.0,0.0,0.0;0.0,0.0,0.0;0.0,0.0,0.0;0.0,0.0,0.0;0.0,0.0,0.0;0.0,0.0,0.0;0.0,0.0,0.0;0.0,0.0,0.0;0.0,0.0,0.0;0.0,0.0,0.0
2370;4.9115505E-25,0.0,4.9136647E-25;0.0,0.0,0.0;0.0,0.0,0.0;0.0,0.0,0.0;0.0,0.0,0.0;0.0,0.0,0.0;0.0,0.0,0.0;0.0,0.0,0.0;0.0,0.0,0.0;0.0,0.0,0.0;0.0,0.0,0.0;0.0,0.0,0.0;0.0,0.0,0.0;0.0,0.0,0.0;0.0,0.0,0.0;0.0,0.0,0.0;0.0,0.0,0.0;0.0,0.0,0.0;0.0,0.0,0.0;0.0,0.0,0.0;0.0,0.0,0.0;0.0,0.0,0.0;0.0,0.0,0.0;0.0,0.0,0.0;0.0,0.0,0.0
2405;4.9115505E-25,0.0,4.9136647E-25;0.0,0.0,0.0;0.0,0.0,0.0;0.0,0.0,0.0;0.0,0.0,0.0;0.0,0.0,0.0;0.0,0.0,0.0;0.0,0.0,0.0;0.0,0.0,0.0;0.0,0.0,0.0;0.0,0.0,0.0;0.0,0.0,0.0;0.0,0.0,0.0;0.0,0.0,0.0;0.0,0.0,0.0;0.0,0.0,0.0;0.0,0.0,0.0;0.0,0.0,0.0;0.0,0.0,0.0;0.0,0.0,0.0;0.0,0.0,0.0;0.0,0.0,0.0;0.0,0.0,0.0;0.0,0.0,0.0;0.0,0.0,0.0
2439;4.9115505E-25,0.0,4.9136647E-25;0.0,0.0,0.0;0.0,0.0,0.0;0.0,0.0,0.0;0.0,0.0,0.0;0.0,0.0,0.0;0.0,0.0,0.0;0.0,0.0,0.0;0.0,0.0,0.0;0.0,0.0,0.0;0.0,0.0,0.0;0.0,0.0,0.0;0.0,0.0,0.0;0.0,0.0,0.0;0.0,0.0,0.0;0.0,0.0,0.0;0.0,0.0,0.0;0.0,0.0,0.0;0.0,0.0,0.0;0.0,0.0,0.0;0.0,0.0,0.0;0.0,0.0,0.0;0.0,0.0,0.0;0.0,0.0,0.0;0.0,0.0,0.0
2470;4.9115505E-25,0.0,4.9136647E-25;0.0,0.0,0.0;0.0,0.0,0.0;0.0,0.0,0.0;0.0,0.0,0.0;0.0,0.0,0.0;0.0,0.0,0.0;0.0,0.0,0.0;0.0,0.0,0.0;0.0,0.0,0.0;0.0,0.0,0.0;0.0,0.0,0.0;0.0,0.0,0.0;0.0,0.0,0.0;0.0,0.0,0.0;0.0,0.0,0.0;0.0,0.0,0.0;0.0,0.0,0.0;0.0,0.0,0.0;0.0,0.0,0.0;0.0,0.0,0.0;0.0,0.0,0.0;0.0,0.0,0.0;0.0,0.0,0.0;0.0,0.0,0.0
2505;4.9115505E-25,0.0,4.9136647E-25;0.0,0.0,0.0;0.0,0.0,0.0;0.0,0.0,0.0;0.0,0.0,0.0;0.0,0.0,0.0;0.0,0.0,0.0;0.0,0.0,0.0;0.0,0.0,0.0;0.0,0.0,0.0;0.0,0.0,0.0;0.0,0.0,0.0;0.0,0.0,0.0;0.0,0.0,0.0;0.0,0.0,0.0;0.0,0.0,0.0;0.0,0.0,0.0;0.0,0.0,0.0;0.0,0.0,0.0;0.0,0.0,0.0;0.0,0.0,0.0;0.0,0.0,0.0;0.0,0.0,0.0;0.0,0.0,0.0;0.0,0.0,0.0
2537;4.9115505E-25,0.0,4.9136647E-25;0.0,0.0,0.0;0.0,0.0,0.0;0.0,0.0,0.0;0.0,0.0,0.0;0.0,0.0,0.0;0.0,0.0,0.0;0.0,0.0,0.0;0.0,0.0,0.0;0.0,0.0,0.0;0.0,0.0,0.0;0.0,0.0,0.0;0.0,0.0,0.0;0.0,0.0,0.0;0.0,0.0,0.0;0.0,0.0,0.0;0.0,0.0,0.0;0.0,0.0,0.0;0.0,0.0,0.0;0.0,0.0,0.0;0.0,0.0,0.0;0.0,0.0,0.0;0.0,0.0,0.0;0.0,0.0,0.0;0.0,0.0,0.0
2570;4.9115505E-25,0.0,4.9136647E-25;0.0,0.0,0.0;0.0,0.0,0.0;0.0,0.0,0.0;0.0,0.0,0.0;0.0,0.0,0.0;0.0,0.0,0.0;0.0,0.0,0.0;0.0,0.0,0.0;0.0,0.0,0.0;0.0,0.0,0.0;0.0,0.0,0.0;0.0,0.0,0.0;0.0,0.0,0.0;0.0,0.0,0.0;0.0,0.0,0.0;0.0,0.0,0.0;0.0,0.0,0.0;0.0,0.0,0.0;0.0,0.0,0.0;0.0,0.0,0.0;0.0,0.0,0.0;0.0,0.0,0.0;0.0,0.0,0.0;0.0,0.0,0.0
2605;4.9115505E-25,0.0,4.9136647E-25;0.0,0.0,0.0;0.0,0.0,0.0;0.0,0.0,0.0;0.0,0.0,0.0;0.0,0.0,0.0;0.0,0.0,0.0;0.0,0.0,0.0;0.0,0.0,0.0;0.0,0.0,0.0;0.0,0.0,0.0;0.0,0.0,0.0;0.0,0.0,0.0;0.0,0.0,0.0;0.0,0.0,0.0;0.0,0.0,0.0;0.0,0.0,0.0;0.0,0.0,0.0;0.0,0.0,0.0;0.0,0.0,0.0;0.0,0.0,0.0;0.0,0.0,0.0;0.0,0.0,0.0;0.0,0.0,0.0;0.0,0.0,0.0
2637;4.9115505E-25,0.0,4.9136647E-25;0.0,0.0,0.0;0.0,0.0,0.0;0.0,0.0,0.0;0.0,0.0,0.0;0.0,0.0,0.0;0.0,0.0,0.0;0.0,0.0,0.0;0.0,0.0,0.0;0.0,0.0,0.0;0.0,0.0,0.0;0.0,0.0,0.0;0.0,0.0,0.0;0.0,0.0,0.0;0.0,0.0,0.0;0.0,0.0,0.0;0.0,0.0,0.0;0.0,0.0,0.0;0.0,0.0,0.0;0.0,0.0,0.0;0.0,0.0,0.0;0.0,0.0,0.0;0.0,0.0,0.0;0.0,0.0,0.0;0.0,0.0,0.0
2670;4.9115505E-25,0.0,4.9136647E-25;0.0,0.0,0.0;0.0,0.0,0.0;0.0,0.0,0.0;0.0,0.0,0.0;0.0,0.0,0.0;0.0,0.0,0.0;0.0,0.0,0.0;0.0,0.0,0.0;0.0,0.0,0.0;0.0,0.0,0.0;0.0,0.0,0.0;0.0,0.0,0.0;0.0,0.0,0.0;0.0,0.0,0.0;0.0,0.0,0.0;0.0,0.0,0.0;0.0,0.0,0.0;0.0,0.0,0.0;0.0,0.0,0.0;0.0,0.0,0.0;0.0,0.0,0.0;0.0,0.0,0.0;0.0,0.0,0.0;0.0,0.0,0.0
2705;4.9115505E-25,0.0,4.9136647E-25;0.0,0.0,0.0;0.0,0.0,0.0;0.0,0.0,0.0;0.0,0.0,0.0;0.0,0.0,0.0;0.0,0.0,0.0;0.0,0.0,0.0;0.0,0.0,0.0;0.0,0.0,0.0;0.0,0.0,0.0;0.0,0.0,0.0;0.0,0.0,0.0;0.0,0.0,0.0;0.0,0.0,0.0;0.0,0.0,0.0;0.0,0.0,0.0;0.0,0.0,0.0;0.0,0.0,0.0;0.0,0.0,0.0;0.0,0.0,0.0;0.0,0.0,0.0;0.0,0.0,0.0;0.0,0.0,0.0;0.0,0.0,0.0
2737;4.9115505E-25,0.0,4.9136647E-25;0.0,0.0,0.0;0.0,0.0,0.0;0.0,0.0,0.0;0.0,0.0,0.0;0.0,0.0,0.0;0.0,0.0,0.0;0.0,0.0,0.0;0.0,0.0,0.0;0.0,0.0,0.0;0.0,0.0,0.0;0.0,0.0,0.0;0.0,0.0,0.0;0.0,0.0,0.0;0.0,0.0,0.0;0.0,0.0,0.0;0.0,0.0,0.0;0.0,0.0,0.0;0.0,0.0,0.0;0.0,0.0,0.0;0.0,0.0,0.0;0.0,0.0,0.0;0.0,0.0,0.0;0.0,0.0,0.0;0.0,0.0,0.0
2769;4.9115505E-25,0.0,4.9136647E-25;0.0,0.0,0.0;0.0,0.0,0.0;0.0,0.0,0.0;0.0,0.0,0.0;0.0,0.0,0.0;0.0,0.0,0.0;0.0,0.0,0.0;0.0,0.0,0.0;0.0,0.0,0.0;0.0,0.0,0.0;0.0,0.0,0.0;0.0,0.0,0.0;0.0,0.0,0.0;0.0,0.0,0.0;0.0,0.0,0.0;0.0,0.0,0.0;0.0,0.0,0.0;0.0,0.0,0.0;0.0,0.0,0.0;0.0,0.0,0.0;0.0,0.0,0.0;0.0,0.0,0.0;0.0,0.0,0.0;0.0,0.0,0.0
2805;4.9115505E-25,0.0,4.9136647E-25;0.0,0.0,0.0;0.0,0.0,0.0;0.0,0.0,0.0;0.0,0.0,0.0;0.0,0.0,0.0;0.0,0.0,0.0;0.0,0.0,0.0;0.0,0.0,0.0;0.0,0.0,0.0;0.0,0.0,0.0;0.0,0.0,0.0;0.0,0.0,0.0;0.0,0.0,0.0;0.0,0.0,0.0;0.0,0.0,0.0;0.0,0.0,0.0;0.0,0.0,0.0;0.0,0.0,0.0;0.0,0.0,0.0;0.0,0.0,0.0;0.0,0.0,0.0;0.0,0.0,0.0;0.0,0.0,0.0;0.0,0.0,0.0
2838;4.9115505E-25,0.0,4.9136647E-25;0.0,0.0,0.0;0.0,0.0,0.0;0.0,0.0,0.0;0.0,0.0,0.0;0.0,0.0,0.0;0.0,0.0,0.0;0.0,0.0,0.0;0.0,0.0,0.0;0.0,0.0,0.0;0.0,0.0,0.0;0.0,0.0,0.0;0.0,0.0,0.0;0.0,0.0,0.0;0.0,0.0,0.0;0.0,0.0,0.0;0.0,0.0,0.0;0.0,0.0,0.0;0.0,0.0,0.0;0.0,0.0,0.0;0.0,0.0,0.0;0.0,0.0,0.0;0.0,0.0,0.0;0.0,0.0,0.0;0.0,0.0,0.0
2873;4.9115505E-25,0.0,4.9136647E-25;0.0,0.0,0.0;0.0,0.0,0.0;0.0,0.0,0.0;0.0,0.0,0.0;0.0,0.0,0.0;0.0,0.0,0.0;0.0,0.0,0.0;0.0,0.0,0.0;0.0,0.0,0.0;0.0,0.0,0.0;0.0,0.0,0.0;0.0,0.0,0.0;0.0,0.0,0.0;0.0,0.0,0.0;0.0,0.0,0.0;0.0,0.0,0.0;0.0,0.0,0.0;0.0,0.0,0.0;0.0,0.0,0.0;0.0,0.0,0.0;0.0,0.0,0.0;0.0,0.0,0.0;0.0,0.0,0.0;0.0,0.0,0.0
2905;4.9115505E-25,0.0,4.9136647E-25;0.0,0.0,0.0;0.0,0.0,0.0;0.0,0.0,0.0;0.0,0.0,0.0;0.0,0.0,0.0;0.0,0.0,0.0;0.0,0.0,0.0;0.0,0.0,0.0;0.0,0.0,0.0;0.0,0.0,0.0;0.0,0.0,0.0;0.0,0.0,0.0;0.0,0.0,0.0;0.0,0.0,0.0;0.0,0.0,0.0;0.0,0.0,0.0;0.0,0.0,0.0;0.0,0.0,0.0;0.0,0.0,0.0;0.0,0.0,0.0;0.0,0.0,0.0;0.0,0.0,0.0;0.0,0.0,0.0;0.0,0.0,0.0
2937;4.9115505E-25,0.0,4.9136647E-25;0.0,0.0,0.0;0.0,0.0,0.0;0.0,0.0,0.0;0.0,0.0,0.0;0.0,0.0,0.0;0.0,0.0,0.0;0.0,0.0,0.0;0.0,0.0,0.0;0.0,0.0,0.0;0.0,0.0,0.0;0.0,0.0,0.0;0.0,0.0,0.0;0.0,0.0,0.0;0.0,0.0,0.0;0.0,0.0,0.0;0.0,0.0,0.0;0.0,0.0,0.0;0.0,0.0,0.0;0.0,0.0,0.0;0.0,0.0,0.0;0.0,0.0,0.0;0.0,0.0,0.0;0.0,0.0,0.0;0.0,0.0,0.0
2973;4.9115505E-25,0.0,4.9136647E-25;0.0,0.0,0.0;0.0,0.0,0.0;0.0,0.0,0.0;0.0,0.0,0.0;0.0,0.0,0.0;0.0,0.0,0.0;0.0,0.0,0.0;0.0,0.0,0.0;0.0,0.0,0.0;0.0,0.0,0.0;0.0,0.0,0.0;0.0,0.0,0.0;0.0,0.0,0.0;0.0,0.0,0.0;0.0,0.0,0.0;0.0,0.0,0.0;0.0,0.0,0.0;0.0,0.0,0.0;0.0,0.0,0.0;0.0,0.0,0.0;0.0,0.0,0.0;0.0,0.0,0.0;0.0,0.0,0.0;0.0,0.0,0.0
3005;4.9115505E-25,0.0,4.9136647E-25;0.0,0.0,0.0;0.0,0.0,0.0;0.0,0.0,0.0;0.0,0.0,0.0;0.0,0.0,0.0;0.0,0.0,0.0;0.0,0.0,0.0;0.0,0.0,0.0;0.0,0.0,0.0;0.0,0.0,0.0;0.0,0.0,0.0;0.0,0.0,0.0;0.0,0.0,0.0;0.0,0.0,0.0;0.0,0.0,0.0;0.0,0.0,0.0;0.0,0.0,0.0;0.0,0.0,0.0;0.0,0.0,0.0;0.0,0.0,0.0;0.0,0.0,0.0;0.0,0.0,0.0;0.0,0.0,0.0;0.0,0.0,0.0
3037;4.9115505E-25,0.0,4.9136647E-25;0.0,0.0,0.0;0.0,0.0,0.0;0.0,0.0,0.0;0.0,0.0,0.0;0.0,0.0,0.0;0.0,0.0,0.0;0.0,0.0,0.0;0.0,0.0,0.0;0.0,0.0,0.0;0.0,0.0,0.0;0.0,0.0,0.0;0.0,0.0,0.0;0.0,0.0,0.0;0.0,0.0,0.0;0.0,0.0,0.0;0.0,0.0,0.0;0.0,0.0,0.0;0.0,0.0,0.0;0.0,0.0,0.0;0.0,0.0,0.0;0.0,0.0,0.0;0.0,0.0,0.0;0.0,0.0,0.0;0.0,0.0,0.0
3068;4.9115505E-25,0.0,4.9136647E-25;0.0,0.0,0.0;0.0,0.0,0.0;0.0,0.0,0.0;0.0,0.0,0.0;0.0,0.0,0.0;0.0,0.0,0.0;0.0,0.0,0.0;0.0,0.0,0.0;0.0,0.0,0.0;0.0,0.0,0.0;0.0,0.0,0.0;0.0,0.0,0.0;0.0,0.0,0.0;0.0,0.0,0.0;0.0,0.0,0.0;0.0,0.0,0.0;0.0,0.0,0.0;0.0,0.0,0.0;0.0,0.0,0.0;0.0,0.0,0.0;0.0,0.0,0.0;0.0,0.0,0.0;0.0,0.0,0.0;0.0,0.0,0.0
3100;4.9115505E-25,0.0,4.9136647E-25;0.0,0.0,0.0;0.0,0.0,0.0;0.0,0.0,0.0;0.0,0.0,0.0;0.0,0.0,0.0;0.0,0.0,0.0;0.0,0.0,0.0;0.0,0.0,0.0;0.0,0.0,0.0;0.0,0.0,0.0;0.0,0.0,0.0;0.0,0.0,0.0;0.0,0.0,0.0;0.0,0.0,0.0;0.0,0.0,0.0;0.0,0.0,0.0;0.0,0.0,0.0;0.0,0.0,0.0;0.0,0.0,0.0;0.0,0.0,0.0;0.0,0.0,0.0;0.0,0.0,0.0;0.0,0.0,0.0;0.0,0.0,0.0
3133;4.9115505E-25,0.0,4.9136647E-25;0.0,0.0,0.0;0.0,0.0,0.0;0.0,0.0,0.0;0.0,0.0,0.0;0.0,0.0,0.0;0.0,0.0,0.0;0.0,0.0,0.0;0.0,0.0,0.0;0.0,0.0,0.0;0.0,0.0,0.0;0.0,0.0,0.0;0.0,0.0,0.0;0.0,0.0,0.0;0.0,0.0,0.0;0.0,0.0,0.0;0.0,0.0,0.0;0.0,0.0,0.0;0.0,0.0,0.0;0.0,0.0,0.0;0.0,0.0,0.0;0.0,0.0,0.0;0.0,0.0,0.0;0.0,0.0,0.0;0.0,0.0,0.0
3168;4.9115505E-25,0.0,4.9136647E-25;0.0,0.0,0.0;0.0,0.0,0.0;0.0,0.0,0.0;0.0,0.0,0.0;0.0,0.0,0.0;0.0,0.0,0.0;0.0,0.0,0.0;0.0,0.0,0.0;0.0,0.0,0.0;0.0,0.0,0.0;0.0,0.0,0.0;0.0,0.0,0.0;0.0,0.0,0.0;0.0,0.0,0.0;0.0,0.0,0.0;0.0,0.0,0.0;0.0,0.0,0.0;0.0,0.0,0.0;0.0,0.0,0.0;0.0,0.0,0.0;0.0,0.0,0.0;0.0,0.0,0.0;0.0,0.0,0.0;0.0,0.0,0.0
3200;4.9115505E-25,0.0,4.9136647E-25;0.0,0.0,0.0;0.0,0.0,0.0;0.0,0.0,0.0;0.0,0.0,0.0;0.0,0.0,0.0;0.0,0.0,0.0;0.0,0.0,0.0;0.0,0.0,0.0;0.0,0.0,0.0;0.0,0.0,0.0;0.0,0.0,0.0;0.0,0.0,0.0;0.0,0.0,0.0;0.0,0.0,0.0;0.0,0.0,0.0;0.0,0.0,0.0;0.0,0.0,0.0;0.0,0.0,0.0;0.0,0.0,0.0;0.0,0.0,0.0;0.0,0.0,0.0;0.0,0.0,0.0;0.0,0.0,0.0;0.0,0.0,0.0
3231;4.9115505E-25,0.0,4.9136647E-25;0.0,0.0,0.0;0.0,0.0,0.0;0.0,0.0,0.0;0.0,0.0,0.0;0.0,0.0,0.0;0.0,0.0,0.0;0.0,0.0,0.0;0.0,0.0,0.0;0.0,0.0,0.0;0.0,0.0,0.0;0.0,0.0,0.0;0.0,0.0,0.0;0.0,0.0,0.0;0.0,0.0,0.0;0.0,0.0,0.0;0.0,0.0,0.0;0.0,0.0,0.0;0.0,0.0,0.0;0.0,0.0,0.0;0.0,0.0,0.0;0.0,0.0,0.0;0.0,0.0,0.0;0.0,0.0,0.0;0.0,0.0,0.0
3268;4.9115505E-25,0.0,4.9136647E-25;0.0,0.0,0.0;0.0,0.0,0.0;0.0,0.0,0.0;0.0,0.0,0.0;0.0,0.0,0.0;0.0,0.0,0.0;0.0,0.0,0.0;0.0,0.0,0.0;0.0,0.0,0.0;0.0,0.0,0.0;0.0,0.0,0.0;0.0,0.0,0.0;0.0,0.0,0.0;0.0,0.0,0.0;0.0,0.0,0.0;0.0,0.0,0.0;0.0,0.0,0.0;0.0,0.0,0.0;0.0,0.0,0.0;0.0,0.0,0.0;0.0,0.0,0.0;0.0,0.0,0.0;0.0,0.0,0.0;0.0,0.0,0.0
3300;4.9115505E-25,0.0,4.9136647E-25;0.0,0.0,0.0;0.0,0.0,0.0;0.0,0.0,0.0;0.0,0.0,0.0;0.0,0.0,0.0;0.0,0.0,0.0;0.0,0.0,0.0;0.0,0.0,0.0;0.0,0.0,0.0;0.0,0.0,0.0;0.0,0.0,0.0;0.0,0.0,0.0;0.0,0.0,0.0;0.0,0.0,0.0;0.0,0.0,0.0;0.0,0.0,0.0;0.0,0.0,0.0;0.0,0.0,0.0;0.0,0.0,0.0;0.0,0.0,0.0;0.0,0.0,0.0;0.0,0.0,0.0;0.0,0.0,0.0;0.0,0.0,0.0
3332;4.9115505E-25,0.0,4.9136647E-25;0.0,0.0,0.0;0.0,0.0,0.0;0.0,0.0,0.0;0.0,0.0,0.0;0.0,0.0,0.0;0.0,0.0,0.0;0.0,0.0,0.0;0.0,0.0,0.0;0.0,0.0,0.0;0.0,0.0,0.0;0.0,0.0,0.0;0.0,0.0,0.0;0.0,0.0,0.0;0.0,0.0,0.0;0.0,0.0,0.0;0.0,0.0,0.0;0.0,0.0,0.0;0.0,0.0,0.0;0.0,0.0,0.0;0.0,0.0,0.0;0.0,0.0,0.0;0.0,0.0,0.0;0.0,0.0,0.0;0.0,0.0,0.0
3368;4.9115505E-25,0.0,4.9136647E-25;0.0,0.0,0.0;0.0,0.0,0.0;0.0,0.0,0.0;0.0,0.0,0.0;0.0,0.0,0.0;0.0,0.0,0.0;0.0,0.0,0.0;0.0,0.0,0.0;0.0,0.0,0.0;0.0,0.0,0.0;0.0,0.0,0.0;0.0,0.0,0.0;0.0,0.0,0.0;0.0,0.0,0.0;0.0,0.0,0.0;0.0,0.0,0.0;0.0,0.0,0.0;0.0,0.0,0.0;0.0,0.0,0.0;0.0,0.0,0.0;0.0,0.0,0.0;0.0,0.0,0.0;0.0,0.0,0.0;0.0,0.0,0.0
3399;4.9115505E-25,0.0,4.9136647E-25;0.0,0.0,0.0;0.0,0.0,0.0;0.0,0.0,0.0;0.0,0.0,0.0;0.0,0.0,0.0;0.0,0.0,0.0;0.0,0.0,0.0;0.0,0.0,0.0;0.0,0.0,0.0;0.0,0.0,0.0;0.0,0.0,0.0;0.0,0.0,0.0;0.0,0.0,0.0;0.0,0.0,0.0;0.0,0.0,0.0;0.0,0.0,0.0;0.0,0.0,0.0;0.0,0.0,0.0;0.0,0.0,0.0;0.0,0.0,0.0;0.0,0.0,0.0;0.0,0.0,0.0;0.0,0.0,0.0;0.0,0.0,0.0
3431;4.9115505E-25,0.0,4.9136647E-25;0.0,0.0,0.0;0.0,0.0,0.0;0.0,0.0,0.0;0.0,0.0,0.0;0.0,0.0,0.0;0.0,0.0,0.0;0.0,0.0,0.0;0.0,0.0,0.0;0.0,0.0,0.0;0.0,0.0,0.0;0.0,0.0,0.0;0.0,0.0,0.0;0.0,0.0,0.0;0.0,0.0,0.0;0.0,0.0,0.0;0.0,0.0,0.0;0.0,0.0,0.0;0.0,0.0,0.0;0.0,0.0,0.0;0.0,0.0,0.0;0.0,0.0,0.0;0.0,0.0,0.0;0.0,0.0,0.0;0.0,0.0,0.0
3468;4.9115505E-25,0.0,4.9136647E-25;0.0,0.0,0.0;0.0,0.0,0.0;0.0,0.0,0.0;0.0,0.0,0.0;0.0,0.0,0.0;0.0,0.0,0.0;0.0,0.0,0.0;0.0,0.0,0.0;0.0,0.0,0.0;0.0,0.0,0.0;0.0,0.0,0.0;0.0,0.0,0.0;0.0,0.0,0.0;0.0,0.0,0.0;0.0,0.0,0.0;0.0,0.0,0.0;0.0,0.0,0.0;0.0,0.0,0.0;0.0,0.0,0.0;0.0,0.0,0.0;0.0,0.0,0.0;0.0,0.0,0.0;0.0,0.0,0.0;0.0,0.0,0.0
3500;4.9115505E-25,0.0,4.9136647E-25;0.0,0.0,0.0;0.0,0.0,0.0;0.0,0.0,0.0;0.0,0.0,0.0;0.0,0.0,0.0;0.0,0.0,0.0;0.0,0.0,0.0;0.0,0.0,0.0;0.0,0.0,0.0;0.0,0.0,0.0;0.0,0.0,0.0;0.0,0.0,0.0;0.0,0.0,0.0;0.0,0.0,0.0;0.0,0.0,0.0;0.0,0.0,0.0;0.0,0.0,0.0;0.0,0.0,0.0;0.0,0.0,0.0;0.0,0.0,0.0;0.0,0.0,0.0;0.0,0.0,0.0;0.0,0.0,0.0;0.0,0.0,0.0
3533;4.9115505E-25,0.0,4.9136647E-25;0.0,0.0,0.0;0.0,0.0,0.0;0.0,0.0,0.0;0.0,0.0,0.0;0.0,0.0,0.0;0.0,0.0,0.0;0.0,0.0,0.0;0.0,0.0,0.0;0.0,0.0,0.0;0.0,0.0,0.0;0.0,0.0,0.0;0.0,0.0,0.0;0.0,0.0,0.0;0.0,0.0,0.0;0.0,0.0,0.0;0.0,0.0,0.0;0.0,0.0,0.0;0.0,0.0,0.0;0.0,0.0,0.0;0.0,0.0,0.0;0.0,0.0,0.0;0.0,0.0,0.0;0.0,0.0,0.0;0.0,0.0,0.0
3576;4.9115505E-25,0.0,4.9136647E-25;0.0,0.0,0.0;0.0,0.0,0.0;0.0,0.0,0.0;0.0,0.0,0.0;0.0,0.0,0.0;0.0,0.0,0.0;0.0,0.0,0.0;0.0,0.0,0.0;0.0,0.0,0.0;0.0,0.0,0.0;0.0,0.0,0.0;0.0,0.0,0.0;0.0,0.0,0.0;0.0,0.0,0.0;0.0,0.0,0.0;0.0,0.0,0.0;0.0,0.0,0.0;0.0,0.0,0.0;0.0,0.0,0.0;0.0,0.0,0.0;0.0,0.0,0.0;0.0,0.0,0.0;0.0,0.0,0.0;0.0,0.0,0.0
3614;4.9115505E-25,0.0,4.9136647E-25;0.0,0.0,0.0;0.0,0.0,0.0;0.0,0.0,0.0;0.0,0.0,0.0;0.0,0.0,0.0;0.0,0.0,0.0;0.0,0.0,0.0;0.0,0.0,0.0;0.0,0.0,0.0;0.0,0.0,0.0;0.0,0.0,0.0;0.0,0.0,0.0;0.0,0.0,0.0;0.0,0.0,0.0;0.0,0.0,0.0;0.0,0.0,0.0;0.0,0.0,0.0;0.0,0.0,0.0;0.0,0.0,0.0;0.0,0.0,0.0;0.0,0.0,0.0;0.0,0.0,0.0;0.0,0.0,0.0;0.0,0.0,0.0
3638;4.9115505E-25,0.0,4.9136647E-25;0.0,0.0,0.0;0.0,0.0,0.0;0.0,0.0,0.0;0.0,0.0,0.0;0.0,0.0,0.0;0.0,0.0,0.0;0.0,0.0,0.0;0.0,0.0,0.0;0.0,0.0,0.0;0.0,0.0,0.0;0.0,0.0,0.0;0.0,0.0,0.0;0.0,0.0,0.0;0.0,0.0,0.0;0.0,0.0,0.0;0.0,0.0,0.0;0.0,0.0,0.0;0.0,0.0,0.0;0.0,0.0,0.0;0.0,0.0,0.0;0.0,0.0,0.0;0.0,0.0,0.0;0.0,0.0,0.0;0.0,0.0,0.0
3673;4.9115505E-25,0.0,4.9136647E-25;0.0,0.0,0.0;0.0,0.0,0.0;0.0,0.0,0.0;0.0,0.0,0.0;0.0,0.0,0.0;0.0,0.0,0.0;0.0,0.0,0.0;0.0,0.0,0.0;0.0,0.0,0.0;0.0,0.0,0.0;0.0,0.0,0.0;0.0,0.0,0.0;0.0,0.0,0.0;0.0,0.0,0.0;0.0,0.0,0.0;0.0,0.0,0.0;0.0,0.0,0.0;0.0,0.0,0.0;0.0,0.0,0.0;0.0,0.0,0.0;0.0,0.0,0.0;0.0,0.0,0.0;0.0,0.0,0.0;0.0,0.0,0.0
3704;4.9115505E-25,0.0,4.9136647E-25;0.0,0.0,0.0;0.0,0.0,0.0;0.0,0.0,0.0;0.0,0.0,0.0;0.0,0.0,0.0;0.0,0.0,0.0;0.0,0.0,0.0;0.0,0.0,0.0;0.0,0.0,0.0;0.0,0.0,0.0;0.0,0.0,0.0;0.0,0.0,0.0;0.0,0.0,0.0;0.0,0.0,0.0;0.0,0.0,0.0;0.0,0.0,0.0;0.0,0.0,0.0;0.0,0.0,0.0;0.0,0.0,0.0;0.0,0.0,0.0;0.0,0.0,0.0;0.0,0.0,0.0;0.0,0.0,0.0;0.0,0.0,0.0
3737;4.9115505E-25,0.0,4.9136647E-25;0.0,0.0,0.0;0.0,0.0,0.0;0.0,0.0,0.0;0.0,0.0,0.0;0.0,0.0,0.0;0.0,0.0,0.0;0.0,0.0,0.0;0.0,0.0,0.0;0.0,0.0,0.0;0.0,0.0,0.0;0.0,0.0,0.0;0.0,0.0,0.0;0.0,0.0,0.0;0.0,0.0,0.0;0.0,0.0,0.0;0.0,0.0,0.0;0.0,0.0,0.0;0.0,0.0,0.0;0.0,0.0,0.0;0.0,0.0,0.0;0.0,0.0,0.0;0.0,0.0,0.0;0.0,0.0,0.0;0.0,0.0,0.0
3773;4.9115505E-25,0.0,4.9136647E-25;0.0,0.0,0.0;0.0,0.0,0.0;0.0,0.0,0.0;0.0,0.0,0.0;0.0,0.0,0.0;0.0,0.0,0.0;0.0,0.0,0.0;0.0,0.0,0.0;0.0,0.0,0.0;0.0,0.0,0.0;0.0,0.0,0.0;0.0,0.0,0.0;0.0,0.0,0.0;0.0,0.0,0.0;0.0,0.0,0.0;0.0,0.0,0.0;0.0,0.0,0.0;0.0,0.0,0.0;0.0,0.0,0.0;0.0,0.0,0.0;0.0,0.0,0.0;0.0,0.0,0.0;0.0,0.0,0.0;0.0,0.0,0.0
3804;4.9115505E-25,0.0,4.9136647E-25;0.0,0.0,0.0;0.0,0.0,0.0;0.0,0.0,0.0;0.0,0.0,0.0;0.0,0.0,0.0;0.0,0.0,0.0;0.0,0.0,0.0;0.0,0.0,0.0;0.0,0.0,0.0;0.0,0.0,0.0;0.0,0.0,0.0;0.0,0.0,0.0;0.0,0.0,0.0;0.0,0.0,0.0;0.0,0.0,0.0;0.0,0.0,0.0;0.0,0.0,0.0;0.0,0.0,0.0;0.0,0.0,0.0;0.0,0.0,0.0;0.0,0.0,0.0;0.0,0.0,0.0;0.0,0.0,0.0;0.0,0.0,0.0
3837;4.9115505E-25,0.0,4.9136647E-25;0.0,0.0,0.0;0.0,0.0,0.0;0.0,0.0,0.0;0.0,0.0,0.0;0.0,0.0,0.0;0.0,0.0,0.0;0.0,0.0,0.0;0.0,0.0,0.0;0.0,0.0,0.0;0.0,0.0,0.0;0.0,0.0,0.0;0.0,0.0,0.0;0.0,0.0,0.0;0.0,0.0,0.0;0.0,0.0,0.0;0.0,0.0,0.0;0.0,0.0,0.0;0.0,0.0,0.0;0.0,0.0,0.0;0.0,0.0,0.0;0.0,0.0,0.0;0.0,0.0,0.0;0.0,0.0,0.0;0.0,0.0,0.0
3869;4.9115505E-25,0.0,4.9136647E-25;0.0,0.0,0.0;0.0,0.0,0.0;0.0,0.0,0.0;0.0,0.0,0.0;0.0,0.0,0.0;0.0,0.0,0.0;0.0,0.0,0.0;0.0,0.0,0.0;0.0,0.0,0.0;0.0,0.0,0.0;0.0,0.0,0.0;0.0,0.0,0.0;0.0,0.0,0.0;0.0,0.0,0.0;0.0,0.0,0.0;0.0,0.0,0.0;0.0,0.0,0.0;0.0,0.0,0.0;0.0,0.0,0.0;0.0,0.0,0.0;0.0,0.0,0.0;0.0,0.0,0.0;0.0,0.0,0.0;0.0,0.0,0.0
3900;4.9115505E-25,0.0,4.9136647E-25;0.0,0.0,0.0;0.0,0.0,0.0;0.0,0.0,0.0;0.0,0.0,0.0;0.0,0.0,0.0;0.0,0.0,0.0;0.0,0.0,0.0;0.0,0.0,0.0;0.0,0.0,0.0;0.0,0.0,0.0;0.0,0.0,0.0;0.0,0.0,0.0;0.0,0.0,0.0;0.0,0.0,0.0;0.0,0.0,0.0;0.0,0.0,0.0;0.0,0.0,0.0;0.0,0.0,0.0;0.0,0.0,0.0;0.0,0.0,0.0;0.0,0.0,0.0;0.0,0.0,0.0;0.0,0.0,0.0;0.0,0.0,0.0
3934;4.9115505E-25,0.0,4.9136647E-25;0.0,0.0,0.0;0.0,0.0,0.0;0.0,0.0,0.0;0.0,0.0,0.0;0.0,0.0,0.0;0.0,0.0,0.0;0.0,0.0,0.0;0.0,0.0,0.0;0.0,0.0,0.0;0.0,0.0,0.0;0.0,0.0,0.0;0.0,0.0,0.0;0.0,0.0,0.0;0.0,0.0,0.0;0.0,0.0,0.0;0.0,0.0,0.0;0.0,0.0,0.0;0.0,0.0,0.0;0.0,0.0,0.0;0.0,0.0,0.0;0.0,0.0,0.0;0.0,0.0,0.0;0.0,0.0,0.0;0.0,0.0,0.0
3968;4.9115505E-25,0.0,4.9136647E-25;0.0,0.0,0.0;0.0,0.0,0.0;0.0,0.0,0.0;0.0,0.0,0.0;0.0,0.0,0.0;0.0,0.0,0.0;0.0,0.0,0.0;0.0,0.0,0.0;0.0,0.0,0.0;0.0,0.0,0.0;0.0,0.0,0.0;0.0,0.0,0.0;0.0,0.0,0.0;0.0,0.0,0.0;0.0,0.0,0.0;0.0,0.0,0.0;0.0,0.0,0.0;0.0,0.0,0.0;0.0,0.0,0.0;0.0,0.0,0.0;0.0,0.0,0.0;0.0,0.0,0.0;0.0,0.0,0.0;0.0,0.0,0.0
4001;4.9115505E-25,0.0,4.9136647E-25;0.0,0.0,0.0;0.0,0.0,0.0;0.0,0.0,0.0;0.0,0.0,0.0;0.0,0.0,0.0;0.0,0.0,0.0;0.0,0.0,0.0;0.0,0.0,0.0;0.0,0.0,0.0;0.0,0.0,0.0;0.0,0.0,0.0;0.0,0.0,0.0;0.0,0.0,0.0;0.0,0.0,0.0;0.0,0.0,0.0;0.0,0.0,0.0;0.0,0.0,0.0;0.0,0.0,0.0;0.0,0.0,0.0;0.0,0.0,0.0;0.0,0.0,0.0;0.0,0.0,0.0;0.0,0.0,0.0;0.0,0.0,0.0
4032;4.9115505E-25,0.0,4.9136647E-25;0.0,0.0,0.0;0.0,0.0,0.0;0.0,0.0,0.0;0.0,0.0,0.0;0.0,0.0,0.0;0.0,0.0,0.0;0.0,0.0,0.0;0.0,0.0,0.0;0.0,0.0,0.0;0.0,0.0,0.0;0.0,0.0,0.0;0.0,0.0,0.0;0.0,0.0,0.0;0.0,0.0,0.0;0.0,0.0,0.0;0.0,0.0,0.0;0.0,0.0,0.0;0.0,0.0,0.0;0.0,0.0,0.0;0.0,0.0,0.0;0.0,0.0,0.0;0.0,0.0,0.0;0.0,0.0,0.0;0.0,0.0,0.0
4069;4.9115505E-25,0.0,4.9136647E-25;0.0,0.0,0.0;0.0,0.0,0.0;0.0,0.0,0.0;0.0,0.0,0.0;0.0,0.0,0.0;0.0,0.0,0.0;0.0,0.0,0.0;0.0,0.0,0.0;0.0,0.0,0.0;0.0,0.0,0.0;0.0,0.0,0.0;0.0,0.0,0.0;0.0,0.0,0.0;0.0,0.0,0.0;0.0,0.0,0.0;0.0,0.0,0.0;0.0,0.0,0.0;0.0,0.0,0.0;0.0,0.0,0.0;0.0,0.0,0.0;0.0,0.0,0.0;0.0,0.0,0.0;0.0,0.0,0.0;0.0,0.0,0.0
4100;4.9115505E-25,0.0,4.9136647E-25;0.0,0.0,0.0;0.0,0.0,0.0;0.0,0.0,0.0;0.0,0.0,0.0;0.0,0.0,0.0;0.0,0.0,0.0;0.0,0.0,0.0;0.0,0.0,0.0;0.0,0.0,0.0;0.0,0.0,0.0;0.0,0.0,0.0;0.0,0.0,0.0;0.0,0.0,0.0;0.0,0.0,0.0;0.0,0.0,0.0;0.0,0.0,0.0;0.0,0.0,0.0;0.0,0.0,0.0;0.0,0.0,0.0;0.0,0.0,0.0;0.0,0.0,0.0;0.0,0.0,0.0;0.0,0.0,0.0;0.0,0.0,0.0
4144;4.9115505E-25,0.0,4.9136647E-25;0.0,0.0,0.0;0.0,0.0,0.0;0.0,0.0,0.0;0.0,0.0,0.0;0.0,0.0,0.0;0.0,0.0,0.0;0.0,0.0,0.0;0.0,0.0,0.0;0.0,0.0,0.0;0.0,0.0,0.0;0.0,0.0,0.0;0.0,0.0,0.0;0.0,0.0,0.0;0.0,0.0,0.0;0.0,0.0,0.0;0.0,0.0,0.0;0.0,0.0,0.0;0.0,0.0,0.0;0.0,0.0,0.0;0.0,0.0,0.0;0.0,0.0,0.0;0.0,0.0,0.0;0.0,0.0,0.0;0.0,0.0,0.0
4184;4.9115505E-25,0.0,4.9136647E-25;0.0,0.0,0.0;0.0,0.0,0.0;0.0,0.0,0.0;0.0,0.0,0.0;0.0,0.0,0.0;0.0,0.0,0.0;0.0,0.0,0.0;0.0,0.0,0.0;0.0,0.0,0.0;0.0,0.0,0.0;0.0,0.0,0.0;0.0,0.0,0.0;0.0,0.0,0.0;0.0,0.0,0.0;0.0,0.0,0.0;0.0,0.0,0.0;0.0,0.0,0.0;0.0,0.0,0.0;0.0,0.0,0.0;0.0,0.0,0.0;0.0,0.0,0.0;0.0,0.0,0.0;0.0,0.0,0.0;0.0,0.0,0.0
4206;4.9115505E-25,0.0,4.9136647E-25;0.0,0.0,0.0;0.0,0.0,0.0;0.0,0.0,0.0;0.0,0.0,0.0;0.0,0.0,0.0;0.0,0.0,0.0;0.0,0.0,0.0;0.0,0.0,0.0;0.0,0.0,0.0;0.0,0.0,0.0;0.0,0.0,0.0;0.0,0.0,0.0;0.0,0.0,0.0;0.0,0.0,0.0;0.0,0.0,0.0;0.0,0.0,0.0;0.0,0.0,0.0;0.0,0.0,0.0;0.0,0.0,0.0;0.0,0.0,0.0;0.0,0.0,0.0;0.0,0.0,0.0;0.0,0.0,0.0;0.0,0.0,0.0
4240;4.9115505E-25,0.0,4.9136647E-25;0.0,0.0,0.0;0.0,0.0,0.0;0.0,0.0,0.0;0.0,0.0,0.0;0.0,0.0,0.0;0.0,0.0,0.0;0.0,0.0,0.0;0.0,0.0,0.0;0.0,0.0,0.0;0.0,0.0,0.0;0.0,0.0,0.0;0.0,0.0,0.0;0.0,0.0,0.0;0.0,0.0,0.0;0.0,0.0,0.0;0.0,0.0,0.0;0.0,0.0,0.0;0.0,0.0,0.0;0.0,0.0,0.0;0.0,0.0,0.0;0.0,0.0,0.0;0.0,0.0,0.0;0.0,0.0,0.0;0.0,0.0,0.0
4272;4.9115505E-25,0.0,4.9136647E-25;0.0,0.0,0.0;0.0,0.0,0.0;0.0,0.0,0.0;0.0,0.0,0.0;0.0,0.0,0.0;0.0,0.0,0.0;0.0,0.0,0.0;0.0,0.0,0.0;0.0,0.0,0.0;0.0,0.0,0.0;0.0,0.0,0.0;0.0,0.0,0.0;0.0,0.0,0.0;0.0,0.0,0.0;0.0,0.0,0.0;0.0,0.0,0.0;0.0,0.0,0.0;0.0,0.0,0.0;0.0,0.0,0.0;0.0,0.0,0.0;0.0,0.0,0.0;0.0,0.0,0.0;0.0,0.0,0.0;0.0,0.0,0.0
4306;4.9115505E-25,0.0,4.9136647E-25;0.0,0.0,0.0;0.0,0.0,0.0;0.0,0.0,0.0;0.0,0.0,0.0;0.0,0.0,0.0;0.0,0.0,0.0;0.0,0.0,0.0;0.0,0.0,0.0;0.0,0.0,0.0;0.0,0.0,0.0;0.0,0.0,0.0;0.0,0.0,0.0;0.0,0.0,0.0;0.0,0.0,0.0;0.0,0.0,0.0;0.0,0.0,0.0;0.0,0.0,0.0;0.0,0.0,0.0;0.0,0.0,0.0;0.0,0.0,0.0;0.0,0.0,0.0;0.0,0.0,0.0;0.0,0.0,0.0;0.0,0.0,0.0
4337;4.9115505E-25,0.0,4.9136647E-25;0.0,0.0,0.0;0.0,0.0,0.0;0.0,0.0,0.0;0.0,0.0,0.0;0.0,0.0,0.0;0.0,0.0,0.0;0.0,0.0,0.0;0.0,0.0,0.0;0.0,0.0,0.0;0.0,0.0,0.0;0.0,0.0,0.0;0.0,0.0,0.0;0.0,0.0,0.0;0.0,0.0,0.0;0.0,0.0,0.0;0.0,0.0,0.0;0.0,0.0,0.0;0.0,0.0,0.0;0.0,0.0,0.0;0.0,0.0,0.0;0.0,0.0,0.0;0.0,0.0,0.0;0.0,0.0,0.0;0.0,0.0,0.0
4368;4.9115505E-25,0.0,4.9136647E-25;0.0,0.0,0.0;0.0,0.0,0.0;0.0,0.0,0.0;0.0,0.0,0.0;0.0,0.0,0.0;0.0,0.0,0.0;0.0,0.0,0.0;0.0,0.0,0.0;0.0,0.0,0.0;0.0,0.0,0.0;0.0,0.0,0.0;0.0,0.0,0.0;0.0,0.0,0.0;0.0,0.0,0.0;0.0,0.0,0.0;0.0,0.0,0.0;0.0,0.0,0.0;0.0,0.0,0.0;0.0,0.0,0.0;0.0,0.0,0.0;0.0,0.0,0.0;0.0,0.0,0.0;0.0,0.0,0.0;0.0,0.0,0.0
4401;4.9115505E-25,0.0,4.9136647E-25;0.0,0.0,0.0;0.0,0.0,0.0;0.0,0.0,0.0;0.0,0.0,0.0;0.0,0.0,0.0;0.0,0.0,0.0;0.0,0.0,0.0;0.0,0.0,0.0;0.0,0.0,0.0;0.0,0.0,0.0;0.0,0.0,0.0;0.0,0.0,0.0;0.0,0.0,0.0;0.0,0.0,0.0;0.0,0.0,0.0;0.0,0.0,0.0;0.0,0.0,0.0;0.0,0.0,0.0;0.0,0.0,0.0;0.0,0.0,0.0;0.0,0.0,0.0;0.0,0.0,0.0;0.0,0.0,0.0;0.0,0.0,0.0
4438;4.9115505E-25,0.0,4.9136647E-25;0.0,0.0,0.0;0.0,0.0,0.0;0.0,0.0,0.0;0.0,0.0,0.0;0.0,0.0,0.0;0.0,0.0,0.0;0.0,0.0,0.0;0.0,0.0,0.0;0.0,0.0,0.0;0.0,0.0,0.0;0.0,0.0,0.0;0.0,0.0,0.0;0.0,0.0,0.0;0.0,0.0,0.0;0.0,0.0,0.0;0.0,0.0,0.0;0.0,0.0,0.0;0.0,0.0,0.0;0.0,0.0,0.0;0.0,0.0,0.0;0.0,0.0,0.0;0.0,0.0,0.0;0.0,0.0,0.0;0.0,0.0,0.0
4472;4.9115505E-25,0.0,4.9136647E-25;0.0,0.0,0.0;0.0,0.0,0.0;0.0,0.0,0.0;0.0,0.0,0.0;0.0,0.0,0.0;0.0,0.0,0.0;0.0,0.0,0.0;0.0,0.0,0.0;0.0,0.0,0.0;0.0,0.0,0.0;0.0,0.0,0.0;0.0,0.0,0.0;0.0,0.0,0.0;0.0,0.0,0.0;0.0,0.0,0.0;0.0,0.0,0.0;0.0,0.0,0.0;0.0,0.0,0.0;0.0,0.0,0.0;0.0,0.0,0.0;0.0,0.0,0.0;0.0,0.0,0.0;0.0,0.0,0.0;0.0,0.0,0.0
4504;4.9115505E-25,0.0,4.9136647E-25;0.0,0.0,0.0;0.0,0.0,0.0;0.0,0.0,0.0;0.0,0.0,0.0;0.0,0.0,0.0;0.0,0.0,0.0;0.0,0.0,0.0;0.0,0.0,0.0;0.0,0.0,0.0;0.0,0.0,0.0;0.0,0.0,0.0;0.0,0.0,0.0;0.0,0.0,0.0;0.0,0.0,0.0;0.0,0.0,0.0;0.0,0.0,0.0;0.0,0.0,0.0;0.0,0.0,0.0;0.0,0.0,0.0;0.0,0.0,0.0;0.0,0.0,0.0;0.0,0.0,0.0;0.0,0.0,0.0;0.0,0.0,0.0
4541;4.9115505E-25,0.0,4.9136647E-25;0.0,0.0,0.0;0.0,0.0,0.0;0.0,0.0,0.0;0.0,0.0,0.0;0.0,0.0,0.0;0.0,0.0,0.0;0.0,0.0,0.0;0.0,0.0,0.0;0.0,0.0,0.0;0.0,0.0,0.0;0.0,0.0,0.0;0.0,0.0,0.0;0.0,0.0,0.0;0.0,0.0,0.0;0.0,0.0,0.0;0.0,0.0,0.0;0.0,0.0,0.0;0.0,0.0,0.0;0.0,0.0,0.0;0.0,0.0,0.0;0.0,0.0,0.0;0.0,0.0,0.0;0.0,0.0,0.0;0.0,0.0,0.0
4573;4.9115505E-25,0.0,4.9136647E-25;0.0,0.0,0.0;0.0,0.0,0.0;0.0,0.0,0.0;0.0,0.0,0.0;0.0,0.0,0.0;0.0,0.0,0.0;0.0,0.0,0.0;0.0,0.0,0.0;0.0,0.0,0.0;0.0,0.0,0.0;0.0,0.0,0.0;0.0,0.0,0.0;0.0,0.0,0.0;0.0,0.0,0.0;0.0,0.0,0.0;0.0,0.0,0.0;0.0,0.0,0.0;0.0,0.0,0.0;0.0,0.0,0.0;0.0,0.0,0.0;0.0,0.0,0.0;0.0,0.0,0.0;0.0,0.0,0.0;0.0,0.0,0.0
4605;4.9115505E-25,0.0,4.9136647E-25;0.0,0.0,0.0;0.0,0.0,0.0;0.0,0.0,0.0;0.0,0.0,0.0;0.0,0.0,0.0;0.0,0.0,0.0;0.0,0.0,0.0;0.0,0.0,0.0;0.0,0.0,0.0;0.0,0.0,0.0;0.0,0.0,0.0;0.0,0.0,0.0;0.0,0.0,0.0;0.0,0.0,0.0;0.0,0.0,0.0;0.0,0.0,0.0;0.0,0.0,0.0;0.0,0.0,0.0;0.0,0.0,0.0;0.0,0.0,0.0;0.0,0.0,0.0;0.0,0.0,0.0;0.0,0.0,0.0;0.0,0.0,0.0
4641;4.9115505E-25,0.0,4.9136647E-25;0.0,0.0,0.0;0.0,0.0,0.0;0.0,0.0,0.0;0.0,0.0,0.0;0.0,0.0,0.0;0.0,0.0,0.0;0.0,0.0,0.0;0.0,0.0,0.0;0.0,0.0,0.0;0.0,0.0,0.0;0.0,0.0,0.0;0.0,0.0,0.0;0.0,0.0,0.0;0.0,0.0,0.0;0.0,0.0,0.0;0.0,0.0,0.0;0.0,0.0,0.0;0.0,0.0,0.0;0.0,0.0,0.0;0.0,0.0,0.0;0.0,0.0,0.0;0.0,0.0,0.0;0.0,0.0,0.0;0.0,0.0,0.0
4672;4.9115505E-25,0.0,4.9136647E-25;0.0,0.0,0.0;0.0,0.0,0.0;0.0,0.0,0.0;0.0,0.0,0.0;0.0,0.0,0.0;0.0,0.0,0.0;0.0,0.0,0.0;0.0,0.0,0.0;0.0,0.0,0.0;0.0,0.0,0.0;0.0,0.0,0.0;0.0,0.0,0.0;0.0,0.0,0.0;0.0,0.0,0.0;0.0,0.0,0.0;0.0,0.0,0.0;0.0,0.0,0.0;0.0,0.0,0.0;0.0,0.0,0.0;0.0,0.0,0.0;0.0,0.0,0.0;0.0,0.0,0.0;0.0,0.0,0.0;0.0,0.0,0.0
4705;4.9115505E-25,0.0,4.9136647E-25;0.0,0.0,0.0;0.0,0.0,0.0;0.0,0.0,0.0;0.0,0.0,0.0;0.0,0.0,0.0;0.0,0.0,0.0;0.0,0.0,0.0;0.0,0.0,0.0;0.0,0.0,0.0;0.0,0.0,0.0;0.0,0.0,0.0;0.0,0.0,0.0;0.0,0.0,0.0;0.0,0.0,0.0;0.0,0.0,0.0;0.0,0.0,0.0;0.0,0.0,0.0;0.0,0.0,0.0;0.0,0.0,0.0;0.0,0.0,0.0;0.0,0.0,0.0;0.0,0.0,0.0;0.0,0.0,0.0;0.0,0.0,0.0
4741;4.9115505E-25,0.0,4.9136647E-25;0.0,0.0,0.0;0.0,0.0,0.0;0.0,0.0,0.0;0.0,0.0,0.0;0.0,0.0,0.0;0.0,0.0,0.0;0.0,0.0,0.0;0.0,0.0,0.0;0.0,0.0,0.0;0.0,0.0,0.0;0.0,0.0,0.0;0.0,0.0,0.0;0.0,0.0,0.0;0.0,0.0,0.0;0.0,0.0,0.0;0.0,0.0,0.0;0.0,0.0,0.0;0.0,0.0,0.0;0.0,0.0,0.0;0.0,0.0,0.0;0.0,0.0,0.0;0.0,0.0,0.0;0.0,0.0,0.0;0.0,0.0,0.0
4773;4.9115505E-25,0.0,4.9136647E-25;0.0,0.0,0.0;0.0,0.0,0.0;0.0,0.0,0.0;0.0,0.0,0.0;0.0,0.0,0.0;0.0,0.0,0.0;0.0,0.0,0.0;0.0,0.0,0.0;0.0,0.0,0.0;0.0,0.0,0.0;0.0,0.0,0.0;0.0,0.0,0.0;0.0,0.0,0.0;0.0,0.0,0.0;0.0,0.0,0.0;0.0,0.0,0.0;0.0,0.0,0.0;0.0,0.0,0.0;0.0,0.0,0.0;0.0,0.0,0.0;0.0,0.0,0.0;0.0,0.0,0.0;0.0,0.0,0.0;0.0,0.0,0.0
4806;4.9115505E-25,0.0,4.9136647E-25;0.0,0.0,0.0;0.0,0.0,0.0;0.0,0.0,0.0;0.0,0.0,0.0;0.0,0.0,0.0;0.0,0.0,0.0;0.0,0.0,0.0;0.0,0.0,0.0;0.0,0.0,0.0;0.0,0.0,0.0;0.0,0.0,0.0;0.0,0.0,0.0;0.0,0.0,0.0;0.0,0.0,0.0;0.0,0.0,0.0;0.0,0.0,0.0;0.0,0.0,0.0;0.0,0.0,0.0;0.0,0.0,0.0;0.0,0.0,0.0;0.0,0.0,0.0;0.0,0.0,0.0;0.0,0.0,0.0;0.0,0.0,0.0
4841;4.9115505E-25,0.0,4.9136647E-25;0.0,0.0,0.0;0.0,0.0,0.0;0.0,0.0,0.0;0.0,0.0,0.0;0.0,0.0,0.0;0.0,0.0,0.0;0.0,0.0,0.0;0.0,0.0,0.0;0.0,0.0,0.0;0.0,0.0,0.0;0.0,0.0,0.0;0.0,0.0,0.0;0.0,0.0,0.0;0.0,0.0,0.0;0.0,0.0,0.0;0.0,0.0,0.0;0.0,0.0,0.0;0.0,0.0,0.0;0.0,0.0,0.0;0.0,0.0,0.0;0.0,0.0,0.0;0.0,0.0,0.0;0.0,0.0,0.0;0.0,0.0,0.0
4873;4.9115505E-25,0.0,4.9136647E-25;0.0,0.0,0.0;0.0,0.0,0.0;0.0,0.0,0.0;0.0,0.0,0.0;0.0,0.0,0.0;0.0,0.0,0.0;0.0,0.0,0.0;0.0,0.0,0.0;0.0,0.0,0.0;0.0,0.0,0.0;0.0,0.0,0.0;0.0,0.0,0.0;0.0,0.0,0.0;0.0,0.0,0.0;0.0,0.0,0.0;0.0,0.0,0.0;0.0,0.0,0.0;0.0,0.0,0.0;0.0,0.0,0.0;0.0,0.0,0.0;0.0,0.0,0.0;0.0,0.0,0.0;0.0,0.0,0.0;0.0,0.0,0.0
4906;4.9115505E-25,0.0,4.9136647E-25;0.0,0.0,0.0;0.0,0.0,0.0;0.0,0.0,0.0;0.0,0.0,0.0;0.0,0.0,0.0;0.0,0.0,0.0;0.0,0.0,0.0;0.0,0.0,0.0;0.0,0.0,0.0;0.0,0.0,0.0;0.0,0.0,0.0;0.0,0.0,0.0;0.0,0.0,0.0;0.0,0.0,0.0;0.0,0.0,0.0;0.0,0.0,0.0;0.0,0.0,0.0;0.0,0.0,0.0;0.0,0.0,0.0;0.0,0.0,0.0;0.0,0.0,0.0;0.0,0.0,0.0;0.0,0.0,0.0;0.0,0.0,0.0
4943;4.9115505E-25,0.0,4.9136647E-25;0.0,0.0,0.0;0.0,0.0,0.0;0.0,0.0,0.0;0.0,0.0,0.0;0.0,0.0,0.0;0.0,0.0,0.0;0.0,0.0,0.0;0.0,0.0,0.0;0.0,0.0,0.0;0.0,0.0,0.0;0.0,0.0,0.0;0.0,0.0,0.0;0.0,0.0,0.0;0.0,0.0,0.0;0.0,0.0,0.0;0.0,0.0,0.0;0.0,0.0,0.0;0.0,0.0,0.0;0.0,0.0,0.0;0.0,0.0,0.0;0.0,0.0,0.0;0.0,0.0,0.0;0.0,0.0,0.0;0.0,0.0,0.0
4975;4.9115505E-25,0.0,4.9136647E-25;0.0,0.0,0.0;0.0,0.0,0.0;0.0,0.0,0.0;0.0,0.0,0.0;0.0,0.0,0.0;0.0,0.0,0.0;0.0,0.0,0.0;0.0,0.0,0.0;0.0,0.0,0.0;0.0,0.0,0.0;0.0,0.0,0.0;0.0,0.0,0.0;0.0,0.0,0.0;0.0,0.0,0.0;0.0,0.0,0.0;0.0,0.0,0.0;0.0,0.0,0.0;0.0,0.0,0.0;0.0,0.0,0.0;0.0,0.0,0.0;0.0,0.0,0.0;0.0,0.0,0.0;0.0,0.0,0.0;0.0,0.0,0.0
5006;4.9115505E-25,0.0,4.9136647E-25;0.0,0.0,0.0;0.0,0.0,0.0;0.0,0.0,0.0;0.0,0.0,0.0;0.0,0.0,0.0;0.0,0.0,0.0;0.0,0.0,0.0;0.0,0.0,0.0;0.0,0.0,0.0;0.0,0.0,0.0;0.0,0.0,0.0;0.0,0.0,0.0;0.0,0.0,0.0;0.0,0.0,0.0;0.0,0.0,0.0;0.0,0.0,0.0;0.0,0.0,0.0;0.0,0.0,0.0;0.0,0.0,0.0;0.0,0.0,0.0;0.0,0.0,0.0;0.0,0.0,0.0;0.0,0.0,0.0;0.0,0.0,0.0
5042;4.9115505E-25,0.0,4.9136647E-25;0.0,0.0,0.0;0.0,0.0,0.0;0.0,0.0,0.0;0.0,0.0,0.0;0.0,0.0,0.0;0.0,0.0,0.0;0.0,0.0,0.0;0.0,0.0,0.0;0.0,0.0,0.0;0.0,0.0,0.0;0.0,0.0,0.0;0.0,0.0,0.0;0.0,0.0,0.0;0.0,0.0,0.0;0.0,0.0,0.0;0.0,0.0,0.0;0.0,0.0,0.0;0.0,0.0,0.0;0.0,0.0,0.0;0.0,0.0,0.0;0.0,0.0,0.0;0.0,0.0,0.0;0.0,0.0,0.0;0.0,0.0,0.0
5074;4.9115505E-25,0.0,4.9136647E-25;0.0,0.0,0.0;0.0,0.0,0.0;0.0,0.0,0.0;0.0,0.0,0.0;0.0,0.0,0.0;0.0,0.0,0.0;0.0,0.0,0.0;0.0,0.0,0.0;0.0,0.0,0.0;0.0,0.0,0.0;0.0,0.0,0.0;0.0,0.0,0.0;0.0,0.0,0.0;0.0,0.0,0.0;0.0,0.0,0.0;0.0,0.0,0.0;0.0,0.0,0.0;0.0,0.0,0.0;0.0,0.0,0.0;0.0,0.0,0.0;0.0,0.0,0.0;0.0,0.0,0.0;0.0,0.0,0.0;0.0,0.0,0.0
5106;4.9115505E-25,0.0,4.9136647E-25;0.0,0.0,0.0;0.0,0.0,0.0;0.0,0.0,0.0;0.0,0.0,0.0;0.0,0.0,0.0;0.0,0.0,0.0;0.0,0.0,0.0;0.0,0.0,0.0;0.0,0.0,0.0;0.0,0.0,0.0;0.0,0.0,0.0;0.0,0.0,0.0;0.0,0.0,0.0;0.0,0.0,0.0;0.0,0.0,0.0;0.0,0.0,0.0;0.0,0.0,0.0;0.0,0.0,0.0;0.0,0.0,0.0;0.0,0.0,0.0;0.0,0.0,0.0;0.0,0.0,0.0;0.0,0.0,0.0;0.0,0.0,0.0
5143;4.9115505E-25,0.0,4.9136647E-25;0.0,0.0,0.0;0.0,0.0,0.0;0.0,0.0,0.0;0.0,0.0,0.0;0.0,0.0,0.0;0.0,0.0,0.0;0.0,0.0,0.0;0.0,0.0,0.0;0.0,0.0,0.0;0.0,0.0,0.0;0.0,0.0,0.0;0.0,0.0,0.0;0.0,0.0,0.0;0.0,0.0,0.0;0.0,0.0,0.0;0.0,0.0,0.0;0.0,0.0,0.0;0.0,0.0,0.0;0.0,0.0,0.0;0.0,0.0,0.0;0.0,0.0,0.0;0.0,0.0,0.0;0.0,0.0,0.0;0.0,0.0,0.0
5174;4.9115505E-25,0.0,4.9136647E-25;0.0,0.0,0.0;0.0,0.0,0.0;0.0,0.0,0.0;0.0,0.0,0.0;0.0,0.0,0.0;0.0,0.0,0.0;0.0,0.0,0.0;0.0,0.0,0.0;0.0,0.0,0.0;0.0,0.0,0.0;0.0,0.0,0.0;0.0,0.0,0.0;0.0,0.0,0.0;0.0,0.0,0.0;0.0,0.0,0.0;0.0,0.0,0.0;0.0,0.0,0.0;0.0,0.0,0.0;0.0,0.0,0.0;0.0,0.0,0.0;0.0,0.0,0.0;0.0,0.0,0.0;0.0,0.0,0.0;0.0,0.0,0.0
5206;4.9115505E-25,0.0,4.9136647E-25;0.0,0.0,0.0;0.0,0.0,0.0;0.0,0.0,0.0;0.0,0.0,0.0;0.0,0.0,0.0;0.0,0.0,0.0;0.0,0.0,0.0;0.0,0.0,0.0;0.0,0.0,0.0;0.0,0.0,0.0;0.0,0.0,0.0;0.0,0.0,0.0;0.0,0.0,0.0;0.0,0.0,0.0;0.0,0.0,0.0;0.0,0.0,0.0;0.0,0.0,0.0;0.0,0.0,0.0;0.0,0.0,0.0;0.0,0.0,0.0;0.0,0.0,0.0;0.0,0.0,0.0;0.0,0.0,0.0;0.0,0.0,0.0
5242;4.9115505E-25,0.0,4.9136647E-25;0.0,0.0,0.0;0.0,0.0,0.0;0.0,0.0,0.0;0.0,0.0,0.0;0.0,0.0,0.0;0.0,0.0,0.0;0.0,0.0,0.0;0.0,0.0,0.0;0.0,0.0,0.0;0.0,0.0,0.0;0.0,0.0,0.0;0.0,0.0,0.0;0.0,0.0,0.0;0.0,0.0,0.0;0.0,0.0,0.0;0.0,0.0,0.0;0.0,0.0,0.0;0.0,0.0,0.0;0.0,0.0,0.0;0.0,0.0,0.0;0.0,0.0,0.0;0.0,0.0,0.0;0.0,0.0,0.0;0.0,0.0,0.0
5273;4.9115505E-25,0.0,4.9136647E-25;0.0,0.0,0.0;0.0,0.0,0.0;0.0,0.0,0.0;0.0,0.0,0.0;0.0,0.0,0.0;0.0,0.0,0.0;0.0,0.0,0.0;0.0,0.0,0.0;0.0,0.0,0.0;0.0,0.0,0.0;0.0,0.0,0.0;0.0,0.0,0.0;0.0,0.0,0.0;0.0,0.0,0.0;0.0,0.0,0.0;0.0,0.0,0.0;0.0,0.0,0.0;0.0,0.0,0.0;0.0,0.0,0.0;0.0,0.0,0.0;0.0,0.0,0.0;0.0,0.0,0.0;0.0,0.0,0.0;0.0,0.0,0.0
5307;4.9115505E-25,0.0,4.9136647E-25;0.0,0.0,0.0;0.0,0.0,0.0;0.0,0.0,0.0;0.0,0.0,0.0;0.0,0.0,0.0;0.0,0.0,0.0;0.0,0.0,0.0;0.0,0.0,0.0;0.0,0.0,0.0;0.0,0.0,0.0;0.0,0.0,0.0;0.0,0.0,0.0;0.0,0.0,0.0;0.0,0.0,0.0;0.0,0.0,0.0;0.0,0.0,0.0;0.0,0.0,0.0;0.0,0.0,0.0;0.0,0.0,0.0;0.0,0.0,0.0;0.0,0.0,0.0;0.0,0.0,0.0;0.0,0.0,0.0;0.0,0.0,0.0
5342;4.9115505E-25,0.0,4.9136647E-25;0.0,0.0,0.0;0.0,0.0,0.0;0.0,0.0,0.0;0.0,0.0,0.0;0.0,0.0,0.0;0.0,0.0,0.0;0.0,0.0,0.0;0.0,0.0,0.0;0.0,0.0,0.0;0.0,0.0,0.0;0.0,0.0,0.0;0.0,0.0,0.0;0.0,0.0,0.0;0.0,0.0,0.0;0.0,0.0,0.0;0.0,0.0,0.0;0.0,0.0,0.0;0.0,0.0,0.0;0.0,0.0,0.0;0.0,0.0,0.0;0.0,0.0,0.0;0.0,0.0,0.0;0.0,0.0,0.0;0.0,0.0,0.0
5375;4.9115505E-25,0.0,4.9136647E-25;0.0,0.0,0.0;0.0,0.0,0.0;0.0,0.0,0.0;0.0,0.0,0.0;0.0,0.0,0.0;0.0,0.0,0.0;0.0,0.0,0.0;0.0,0.0,0.0;0.0,0.0,0.0;0.0,0.0,0.0;0.0,0.0,0.0;0.0,0.0,0.0;0.0,0.0,0.0;0.0,0.0,0.0;0.0,0.0,0.0;0.0,0.0,0.0;0.0,0.0,0.0;0.0,0.0,0.0;0.0,0.0,0.0;0.0,0.0,0.0;0.0,0.0,0.0;0.0,0.0,0.0;0.0,0.0,0.0;0.0,0.0,0.0
5410;4.9115505E-25,0.0,4.9136647E-25;0.0,0.0,0.0;0.0,0.0,0.0;0.0,0.0,0.0;0.0,0.0,0.0;0.0,0.0,0.0;0.0,0.0,0.0;0.0,0.0,0.0;0.0,0.0,0.0;0.0,0.0,0.0;0.0,0.0,0.0;0.0,0.0,0.0;0.0,0.0,0.0;0.0,0.0,0.0;0.0,0.0,0.0;0.0,0.0,0.0;0.0,0.0,0.0;0.0,0.0,0.0;0.0,0.0,0.0;0.0,0.0,0.0;0.0,0.0,0.0;0.0,0.0,0.0;0.0,0.0,0.0;0.0,0.0,0.0;0.0,0.0,0.0
5442;4.9115505E-25,0.0,4.9136647E-25;0.0,0.0,0.0;0.0,0.0,0.0;0.0,0.0,0.0;0.0,0.0,0.0;0.0,0.0,0.0;0.0,0.0,0.0;0.0,0.0,0.0;0.0,0.0,0.0;0.0,0.0,0.0;0.0,0.0,0.0;0.0,0.0,0.0;0.0,0.0,0.0;0.0,0.0,0.0;0.0,0.0,0.0;0.0,0.0,0.0;0.0,0.0,0.0;0.0,0.0,0.0;0.0,0.0,0.0;0.0,0.0,0.0;0.0,0.0,0.0;0.0,0.0,0.0;0.0,0.0,0.0;0.0,0.0,0.0;0.0,0.0,0.0
5477;4.9115505E-25,0.0,4.9136647E-25;0.0,0.0,0.0;0.0,0.0,0.0;0.0,0.0,0.0;0.0,0.0,0.0;0.0,0.0,0.0;0.0,0.0,0.0;0.0,0.0,0.0;0.0,0.0,0.0;0.0,0.0,0.0;0.0,0.0,0.0;0.0,0.0,0.0;0.0,0.0,0.0;0.0,0.0,0.0;0.0,0.0,0.0;0.0,0.0,0.0;0.0,0.0,0.0;0.0,0.0,0.0;0.0,0.0,0.0;0.0,0.0,0.0;0.0,0.0,0.0;0.0,0.0,0.0;0.0,0.0,0.0;0.0,0.0,0.0;0.0,0.0,0.0
5511;4.9115505E-25,0.0,4.9136647E-25;0.0,0.0,0.0;0.0,0.0,0.0;0.0,0.0,0.0;0.0,0.0,0.0;0.0,0.0,0.0;0.0,0.0,0.0;0.0,0.0,0.0;0.0,0.0,0.0;0.0,0.0,0.0;0.0,0.0,0.0;0.0,0.0,0.0;0.0,0.0,0.0;0.0,0.0,0.0;0.0,0.0,0.0;0.0,0.0,0.0;0.0,0.0,0.0;0.0,0.0,0.0;0.0,0.0,0.0;0.0,0.0,0.0;0.0,0.0,0.0;0.0,0.0,0.0;0.0,0.0,0.0;0.0,0.0,0.0;0.0,0.0,0.0
5543;4.9115505E-25,0.0,4.9136647E-25;0.0,0.0,0.0;0.0,0.0,0.0;0.0,0.0,0.0;0.0,0.0,0.0;0.0,0.0,0.0;0.0,0.0,0.0;0.0,0.0,0.0;0.0,0.0,0.0;0.0,0.0,0.0;0.0,0.0,0.0;0.0,0.0,0.0;0.0,0.0,0.0;0.0,0.0,0.0;0.0,0.0,0.0;0.0,0.0,0.0;0.0,0.0,0.0;0.0,0.0,0.0;0.0,0.0,0.0;0.0,0.0,0.0;0.0,0.0,0.0;0.0,0.0,0.0;0.0,0.0,0.0;0.0,0.0,0.0;0.0,0.0,0.0
5575;4.9115505E-25,0.0,4.9136647E-25;0.0,0.0,0.0;0.0,0.0,0.0;0.0,0.0,0.0;0.0,0.0,0.0;0.0,0.0,0.0;0.0,0.0,0.0;0.0,0.0,0.0;0.0,0.0,0.0;0.0,0.0,0.0;0.0,0.0,0.0;0.0,0.0,0.0;0.0,0.0,0.0;0.0,0.0,0.0;0.0,0.0,0.0;0.0,0.0,0.0;0.0,0.0,0.0;0.0,0.0,0.0;0.0,0.0,0.0;0.0,0.0,0.0;0.0,0.0,0.0;0.0,0.0,0.0;0.0,0.0,0.0;0.0,0.0,0.0;0.0,0.0,0.0
5610;4.9115505E-25,0.0,4.9136647E-25;0.0,0.0,0.0;0.0,0.0,0.0;0.0,0.0,0.0;0.0,0.0,0.0;0.0,0.0,0.0;0.0,0.0,0.0;0.0,0.0,0.0;0.0,0.0,0.0;0.0,0.0,0.0;0.0,0.0,0.0;0.0,0.0,0.0;0.0,0.0,0.0;0.0,0.0,0.0;0.0,0.0,0.0;0.0,0.0,0.0;0.0,0.0,0.0;0.0,0.0,0.0;0.0,0.0,0.0;0.0,0.0,0.0;0.0,0.0,0.0;0.0,0.0,0.0;0.0,0.0,0.0;0.0,0.0,0.0;0.0,0.0,0.0
5642;4.9115505E-25,0.0,4.9136647E-25;0.0,0.0,0.0;0.0,0.0,0.0;0.0,0.0,0.0;0.0,0.0,0.0;0.0,0.0,0.0;0.0,0.0,0.0;0.0,0.0,0.0;0.0,0.0,0.0;0.0,0.0,0.0;0.0,0.0,0.0;0.0,0.0,0.0;0.0,0.0,0.0;0.0,0.0,0.0;0.0,0.0,0.0;0.0,0.0,0.0;0.0,0.0,0.0;0.0,0.0,0.0;0.0,0.0,0.0;0.0,0.0,0.0;0.0,0.0,0.0;0.0,0.0,0.0;0.0,0.0,0.0;0.0,0.0,0.0;0.0,0.0,0.0
5676;4.9115505E-25,0.0,4.9136647E-25;0.0,0.0,0.0;0.0,0.0,0.0;0.0,0.0,0.0;0.0,0.0,0.0;0.0,0.0,0.0;0.0,0.0,0.0;0.0,0.0,0.0;0.0,0.0,0.0;0.0,0.0,0.0;0.0,0.0,0.0;0.0,0.0,0.0;0.0,0.0,0.0;0.0,0.0,0.0;0.0,0.0,0.0;0.0,0.0,0.0;0.0,0.0,0.0;0.0,0.0,0.0;0.0,0.0,0.0;0.0,0.0,0.0;0.0,0.0,0.0;0.0,0.0,0.0;0.0,0.0,0.0;0.0,0.0,0.0;0.0,0.0,0.0
5711;4.9115505E-25,0.0,4.9136647E-25;0.0,0.0,0.0;0.0,0.0,0.0;0.0,0.0,0.0;0.0,0.0,0.0;0.0,0.0,0.0;0.0,0.0,0.0;0.0,0.0,0.0;0.0,0.0,0.0;0.0,0.0,0.0;0.0,0.0,0.0;0.0,0.0,0.0;0.0,0.0,0.0;0.0,0.0,0.0;0.0,0.0,0.0;0.0,0.0,0.0;0.0,0.0,0.0;0.0,0.0,0.0;0.0,0.0,0.0;0.0,0.0,0.0;0.0,0.0,0.0;0.0,0.0,0.0;0.0,0.0,0.0;0.0,0.0,0.0;0.0,0.0,0.0
5744;4.9115505E-25,0.0,4.9136647E-25;0.0,0.0,0.0;0.0,0.0,0.0;0.0,0.0,0.0;0.0,0.0,0.0;0.0,0.0,0.0;0.0,0.0,0.0;0.0,0.0,0.0;0.0,0.0,0.0;0.0,0.0,0.0;0.0,0.0,0.0;0.0,0.0,0.0;0.0,0.0,0.0;0.0,0.0,0.0;0.0,0.0,0.0;0.0,0.0,0.0;0.0,0.0,0.0;0.0,0.0,0.0;0.0,0.0,0.0;0.0,0.0,0.0;0.0,0.0,0.0;0.0,0.0,0.0;0.0,0.0,0.0;0.0,0.0,0.0;0.0,0.0,0.0
5776;4.9115505E-25,0.0,4.9136647E-25;0.0,0.0,0.0;0.0,0.0,0.0;0.0,0.0,0.0;0.0,0.0,0.0;0.0,0.0,0.0;0.0,0.0,0.0;0.0,0.0,0.0;0.0,0.0,0.0;0.0,0.0,0.0;0.0,0.0,0.0;0.0,0.0,0.0;0.0,0.0,0.0;0.0,0.0,0.0;0.0,0.0,0.0;0.0,0.0,0.0;0.0,0.0,0.0;0.0,0.0,0.0;0.0,0.0,0.0;0.0,0.0,0.0;0.0,0.0,0.0;0.0,0.0,0.0;0.0,0.0,0.0;0.0,0.0,0.0;0.0,0.0,0.0
5811;4.9115505E-25,0.0,4.9136647E-25;0.0,0.0,0.0;0.0,0.0,0.0;0.0,0.0,0.0;0.0,0.0,0.0;0.0,0.0,0.0;0.0,0.0,0.0;0.0,0.0,0.0;0.0,0.0,0.0;0.0,0.0,0.0;0.0,0.0,0.0;0.0,0.0,0.0;0.0,0.0,0.0;0.0,0.0,0.0;0.0,0.0,0.0;0.0,0.0,0.0;0.0,0.0,0.0;0.0,0.0,0.0;0.0,0.0,0.0;0.0,0.0,0.0;0.0,0.0,0.0;0.0,0.0,0.0;0.0,0.0,0.0;0.0,0.0,0.0;0.0,0.0,0.0
5844;4.9115505E-25,0.0,4.9136647E-25;0.0,0.0,0.0;0.0,0.0,0.0;0.0,0.0,0.0;0.0,0.0,0.0;0.0,0.0,0.0;0.0,0.0,0.0;0.0,0.0,0.0;0.0,0.0,0.0;0.0,0.0,0.0;0.0,0.0,0.0;0.0,0.0,0.0;0.0,0.0,0.0;0.0,0.0,0.0;0.0,0.0,0.0;0.0,0.0,0.0;0.0,0.0,0.0;0.0,0.0,0.0;0.0,0.0,0.0;0.0,0.0,0.0;0.0,0.0,0.0;0.0,0.0,0.0;0.0,0.0,0.0;0.0,0.0,0.0;0.0,0.0,0.0
5874;4.9115505E-25,0.0,4.9136647E-25;0.0,0.0,0.0;0.0,0.0,0.0;0.0,0.0,0.0;0.0,0.0,0.0;0.0,0.0,0.0;0.0,0.0,0.0;0.0,0.0,0.0;0.0,0.0,0.0;0.0,0.0,0.0;0.0,0.0,0.0;0.0,0.0,0.0;0.0,0.0,0.0;0.0,0.0,0.0;0.0,0.0,0.0;0.0,0.0,0.0;0.0,0.0,0.0;0.0,0.0,0.0;0.0,0.0,0.0;0.0,0.0,0.0;0.0,0.0,0.0;0.0,0.0,0.0;0.0,0.0,0.0;0.0,0.0,0.0;0.0,0.0,0.0
5913;4.9115505E-25,0.0,4.9136647E-25;0.0,0.0,0.0;0.0,0.0,0.0;0.0,0.0,0.0;0.0,0.0,0.0;0.0,0.0,0.0;0.0,0.0,0.0;0.0,0.0,0.0;0.0,0.0,0.0;0.0,0.0,0.0;0.0,0.0,0.0;0.0,0.0,0.0;0.0,0.0,0.0;0.0,0.0,0.0;0.0,0.0,0.0;0.0,0.0,0.0;0.0,0.0,0.0;0.0,0.0,0.0;0.0,0.0,0.0;0.0,0.0,0.0;0.0,0.0,0.0;0.0,0.0,0.0;0.0,0.0,0.0;0.0,0.0,0.0;0.0,0.0,0.0
5940;4.9115505E-25,0.0,4.9136647E-25;0.0,0.0,0.0;0.0,0.0,0.0;0.0,0.0,0.0;0.0,0.0,0.0;0.0,0.0,0.0;0.0,0.0,0.0;0.0,0.0,0.0;0.0,0.0,0.0;0.0,0.0,0.0;0.0,0.0,0.0;0.0,0.0,0.0;0.0,0.0,0.0;0.0,0.0,0.0;0.0,0.0,0.0;0.0,0.0,0.0;0.0,0.0,0.0;0.0,0.0,0.0;0.0,0.0,0.0;0.0,0.0,0.0;0.0,0.0,0.0;0.0,0.0,0.0;0.0,0.0,0.0;0.0,0.0,0.0;0.0,0.0,0.0
5973;4.9115505E-25,0.0,4.9136647E-25;0.0,0.0,0.0;0.0,0.0,0.0;0.0,0.0,0.0;0.0,0.0,0.0;0.0,0.0,0.0;0.0,0.0,0.0;0.0,0.0,0.0;0.0,0.0,0.0;0.0,0.0,0.0;0.0,0.0,0.0;0.0,0.0,0.0;0.0,0.0,0.0;0.0,0.0,0.0;0.0,0.0,0.0;0.0,0.0,0.0;0.0,0.0,0.0;0.0,0.0,0.0;0.0,0.0,0.0;0.0,0.0,0.0;0.0,0.0,0.0;0.0,0.0,0.0;0.0,0.0,0.0;0.0,0.0,0.0;0.0,0.0,0.0
6006;4.9115505E-25,0.0,4.9136647E-25;0.0,0.0,0.0;0.0,0.0,0.0;0.0,0.0,0.0;0.0,0.0,0.0;0.0,0.0,0.0;0.0,0.0,0.0;0.0,0.0,0.0;0.0,0.0,0.0;0.0,0.0,0.0;0.0,0.0,0.0;0.0,0.0,0.0;0.0,0.0,0.0;0.0,0.0,0.0;0.0,0.0,0.0;0.0,0.0,0.0;0.0,0.0,0.0;0.0,0.0,0.0;0.0,0.0,0.0;0.0,0.0,0.0;0.0,0.0,0.0;0.0,0.0,0.0;0.0,0.0,0.0;0.0,0.0,0.0;0.0,0.0,0.0
6038;4.9115505E-25,0.0,4.9136647E-25;0.0,0.0,0.0;0.0,0.0,0.0;0.0,0.0,0.0;0.0,0.0,0.0;0.0,0.0,0.0;0.0,0.0,0.0;0.0,0.0,0.0;0.0,0.0,0.0;0.0,0.0,0.0;0.0,0.0,0.0;0.0,0.0,0.0;0.0,0.0,0.0;0.0,0.0,0.0;0.0,0.0,0.0;0.0,0.0,0.0;0.0,0.0,0.0;0.0,0.0,0.0;0.0,0.0,0.0;0.0,0.0,0.0;0.0,0.0,0.0;0.0,0.0,0.0;0.0,0.0,0.0;0.0,0.0,0.0;0.0,0.0,0.0
6071;4.9115505E-25,0.0,4.9136647E-25;0.0,0.0,0.0;0.0,0.0,0.0;0.0,0.0,0.0;0.0,0.0,0.0;0.0,0.0,0.0;0.0,0.0,0.0;0.0,0.0,0.0;0.0,0.0,0.0;0.0,0.0,0.0;0.0,0.0,0.0;0.0,0.0,0.0;0.0,0.0,0.0;0.0,0.0,0.0;0.0,0.0,0.0;0.0,0.0,0.0;0.0,0.0,0.0;0.0,0.0,0.0;0.0,0.0,0.0;0.0,0.0,0.0;0.0,0.0,0.0;0.0,0.0,0.0;0.0,0.0,0.0;0.0,0.0,0.0;0.0,0.0,0.0
6107;4.9115505E-25,0.0,4.9136647E-25;0.0,0.0,0.0;0.0,0.0,0.0;0.0,0.0,0.0;0.0,0.0,0.0;0.0,0.0,0.0;0.0,0.0,0.0;0.0,0.0,0.0;0.0,0.0,0.0;0.0,0.0,0.0;0.0,0.0,0.0;0.0,0.0,0.0;0.0,0.0,0.0;0.0,0.0,0.0;0.0,0.0,0.0;0.0,0.0,0.0;0.0,0.0,0.0;0.0,0.0,0.0;0.0,0.0,0.0;0.0,0.0,0.0;0.0,0.0,0.0;0.0,0.0,0.0;0.0,0.0,0.0;0.0,0.0,0.0;0.0,0.0,0.0
6138;4.9115505E-25,0.0,4.9136647E-25;0.0,0.0,0.0;0.0,0.0,0.0;0.0,0.0,0.0;0.0,0.0,0.0;0.0,0.0,0.0;0.0,0.0,0.0;0.0,0.0,0.0;0.0,0.0,0.0;0.0,0.0,0.0;0.0,0.0,0.0;0.0,0.0,0.0;0.0,0.0,0.0;0.0,0.0,0.0;0.0,0.0,0.0;0.0,0.0,0.0;0.0,0.0,0.0;0.0,0.0,0.0;0.0,0.0,0.0;0.0,0.0,0.0;0.0,0.0,0.0;0.0,0.0,0.0;0.0,0.0,0.0;0.0,0.0,0.0;0.0,0.0,0.0
6170;4.9115505E-25,0.0,4.9136647E-25;0.0,0.0,0.0;0.0,0.0,0.0;0.0,0.0,0.0;0.0,0.0,0.0;0.0,0.0,0.0;0.0,0.0,0.0;0.0,0.0,0.0;0.0,0.0,0.0;0.0,0.0,0.0;0.0,0.0,0.0;0.0,0.0,0.0;0.0,0.0,0.0;0.0,0.0,0.0;0.0,0.0,0.0;0.0,0.0,0.0;0.0,0.0,0.0;0.0,0.0,0.0;0.0,0.0,0.0;0.0,0.0,0.0;0.0,0.0,0.0;0.0,0.0,0.0;0.0,0.0,0.0;0.0,0.0,0.0;0.0,0.0,0.0
6206;4.9115505E-25,0.0,4.9136647E-25;0.0,0.0,0.0;0.0,0.0,0.0;0.0,0.0,0.0;0.0,0.0,0.0;0.0,0.0,0.0;0.0,0.0,0.0;0.0,0.0,0.0;0.0,0.0,0.0;0.0,0.0,0.0;0.0,0.0,0.0;0.0,0.0,0.0;0.0,0.0,0.0;0.0,0.0,0.0;0.0,0.0,0.0;0.0,0.0,0.0;0.0,0.0,0.0;0.0,0.0,0.0;0.0,0.0,0.0;0.0,0.0,0.0;0.0,0.0,0.0;0.0,0.0,0.0;0.0,0.0,0.0;0.0,0.0,0.0;0.0,0.0,0.0
6238;4.9115505E-25,0.0,4.9136647E-25;0.0,0.0,0.0;0.0,0.0,0.0;0.0,0.0,0.0;0.0,0.0,0.0;0.0,0.0,0.0;0.0,0.0,0.0;0.0,0.0,0.0;0.0,0.0,0.0;0.0,0.0,0.0;0.0,0.0,0.0;0.0,0.0,0.0;0.0,0.0,0.0;0.0,0.0,0.0;0.0,0.0,0.0;0.0,0.0,0.0;0.0,0.0,0.0;0.0,0.0,0.0;0.0,0.0,0.0;0.0,0.0,0.0;0.0,0.0,0.0;0.0,0.0,0.0;0.0,0.0,0.0;0.0,0.0,0.0;0.0,0.0,0.0
6269;4.9115505E-25,0.0,4.9136647E-25;0.0,0.0,0.0;0.0,0.0,0.0;0.0,0.0,0.0;0.0,0.0,0.0;0.0,0.0,0.0;0.0,0.0,0.0;0.0,0.0,0.0;0.0,0.0,0.0;0.0,0.0,0.0;0.0,0.0,0.0;0.0,0.0,0.0;0.0,0.0,0.0;0.0,0.0,0.0;0.0,0.0,0.0;0.0,0.0,0.0;0.0,0.0,0.0;0.0,0.0,0.0;0.0,0.0,0.0;0.0,0.0,0.0;0.0,0.0,0.0;0.0,0.0,0.0;0.0,0.0,0.0;0.0,0.0,0.0;0.0,0.0,0.0
6307;4.9115505E-25,0.0,4.9136647E-25;0.0,0.0,0.0;0.0,0.0,0.0;0.0,0.0,0.0;0.0,0.0,0.0;0.0,0.0,0.0;0.0,0.0,0.0;0.0,0.0,0.0;0.0,0.0,0.0;0.0,0.0,0.0;0.0,0.0,0.0;0.0,0.0,0.0;0.0,0.0,0.0;0.0,0.0,0.0;0.0,0.0,0.0;0.0,0.0,0.0;0.0,0.0,0.0;0.0,0.0,0.0;0.0,0.0,0.0;0.0,0.0,0.0;0.0,0.0,0.0;0.0,0.0,0.0;0.0,0.0,0.0;0.0,0.0,0.0;0.0,0.0,0.0
6338;4.9115505E-25,0.0,4.9136647E-25;0.0,0.0,0.0;0.0,0.0,0.0;0.0,0.0,0.0;0.0,0.0,0.0;0.0,0.0,0.0;0.0,0.0,0.0;0.0,0.0,0.0;0.0,0.0,0.0;0.0,0.0,0.0;0.0,0.0,0.0;0.0,0.0,0.0;0.0,0.0,0.0;0.0,0.0,0.0;0.0,0.0,0.0;0.0,0.0,0.0;0.0,0.0,0.0;0.0,0.0,0.0;0.0,0.0,0.0;0.0,0.0,0.0;0.0,0.0,0.0;0.0,0.0,0.0;0.0,0.0,0.0;0.0,0.0,0.0;0.0,0.0,0.0
6370;4.9115505E-25,0.0,4.9136647E-25;0.0,0.0,0.0;0.0,0.0,0.0;0.0,0.0,0.0;0.0,0.0,0.0;0.0,0.0,0.0;0.0,0.0,0.0;0.0,0.0,0.0;0.0,0.0,0.0;0.0,0.0,0.0;0.0,0.0,0.0;0.0,0.0,0.0;0.0,0.0,0.0;0.0,0.0,0.0;0.0,0.0,0.0;0.0,0.0,0.0;0.0,0.0,0.0;0.0,0.0,0.0;0.0,0.0,0.0;0.0,0.0,0.0;0.0,0.0,0.0;0.0,0.0,0.0;0.0,0.0,0.0;0.0,0.0,0.0;0.0,0.0,0.0
6407;4.9115505E-25,0.0,4.9136647E-25;0.0,0.0,0.0;0.0,0.0,0.0;0.0,0.0,0.0;0.0,0.0,0.0;0.0,0.0,0.0;0.0,0.0,0.0;0.0,0.0,0.0;0.0,0.0,0.0;0.0,0.0,0.0;0.0,0.0,0.0;0.0,0.0,0.0;0.0,0.0,0.0;0.0,0.0,0.0;0.0,0.0,0.0;0.0,0.0,0.0;0.0,0.0,0.0;0.0,0.0,0.0;0.0,0.0,0.0;0.0,0.0,0.0;0.0,0.0,0.0;0.0,0.0,0.0;0.0,0.0,0.0;0.0,0.0,0.0;0.0,0.0,0.0
6438;4.9115505E-25,0.0,4.9136647E-25;0.0,0.0,0.0;0.0,0.0,0.0;0.0,0.0,0.0;0.0,0.0,0.0;0.0,0.0,0.0;0.0,0.0,0.0;0.0,0.0,0.0;0.0,0.0,0.0;0.0,0.0,0.0;0.0,0.0,0.0;0.0,0.0,0.0;0.0,0.0,0.0;0.0,0.0,0.0;0.0,0.0,0.0;0.0,0.0,0.0;0.0,0.0,0.0;0.0,0.0,0.0;0.0,0.0,0.0;0.0,0.0,0.0;0.0,0.0,0.0;0.0,0.0,0.0;0.0,0.0,0.0;0.0,0.0,0.0;0.0,0.0,0.0
6470;4.9115505E-25,0.0,4.9136647E-25;0.0,0.0,0.0;0.0,0.0,0.0;0.0,0.0,0.0;0.0,0.0,0.0;0.0,0.0,0.0;0.0,0.0,0.0;0.0,0.0,0.0;0.0,0.0,0.0;0.0,0.0,0.0;0.0,0.0,0.0;0.0,0.0,0.0;0.0,0.0,0.0;0.0,0.0,0.0;0.0,0.0,0.0;0.0,0.0,0.0;0.0,0.0,0.0;0.0,0.0,0.0;0.0,0.0,0.0;0.0,0.0,0.0;0.0,0.0,0.0;0.0,0.0,0.0;0.0,0.0,0.0;0.0,0.0,0.0;0.0,0.0,0.0
6506;4.9115505E-25,0.0,4.9136647E-25;0.0,0.0,0.0;0.0,0.0,0.0;0.0,0.0,0.0;0.0,0.0,0.0;0.0,0.0,0.0;0.0,0.0,0.0;0.0,0.0,0.0;0.0,0.0,0.0;0.0,0.0,0.0;0.0,0.0,0.0;0.0,0.0,0.0;0.0,0.0,0.0;0.0,0.0,0.0;0.0,0.0,0.0;0.0,0.0,0.0;0.0,0.0,0.0;0.0,0.0,0.0;0.0,0.0,0.0;0.0,0.0,0.0;0.0,0.0,0.0;0.0,0.0,0.0;0.0,0.0,0.0;0.0,0.0,0.0;0.0,0.0,0.0
6540;4.9115505E-25,0.0,4.9136647E-25;0.0,0.0,0.0;0.0,0.0,0.0;0.0,0.0,0.0;0.0,0.0,0.0;0.0,0.0,0.0;0.0,0.0,0.0;0.0,0.0,0.0;0.0,0.0,0.0;0.0,0.0,0.0;0.0,0.0,0.0;0.0,0.0,0.0;0.0,0.0,0.0;0.0,0.0,0.0;0.0,0.0,0.0;0.0,0.0,0.0;0.0,0.0,0.0;0.0,0.0,0.0;0.0,0.0,0.0;0.0,0.0,0.0;0.0,0.0,0.0;0.0,0.0,0.0;0.0,0.0,0.0;0.0,0.0,0.0;0.0,0.0,0.0
6571;4.9115505E-25,0.0,4.9136647E-25;0.0,0.0,0.0;0.0,0.0,0.0;0.0,0.0,0.0;0.0,0.0,0.0;0.0,0.0,0.0;0.0,0.0,0.0;0.0,0.0,0.0;0.0,0.0,0.0;0.0,0.0,0.0;0.0,0.0,0.0;0.0,0.0,0.0;0.0,0.0,0.0;0.0,0.0,0.0;0.0,0.0,0.0;0.0,0.0,0.0;0.0,0.0,0.0;0.0,0.0,0.0;0.0,0.0,0.0;0.0,0.0,0.0;0.0,0.0,0.0;0.0,0.0,0.0;0.0,0.0,0.0;0.0,0.0,0.0;0.0,0.0,0.0
6607;4.9115505E-25,0.0,4.9136647E-25;0.0,0.0,0.0;0.0,0.0,0.0;0.0,0.0,0.0;0.0,0.0,0.0;0.0,0.0,0.0;0.0,0.0,0.0;0.0,0.0,0.0;0.0,0.0,0.0;0.0,0.0,0.0;0.0,0.0,0.0;0.0,0.0,0.0;0.0,0.0,0.0;0.0,0.0,0.0;0.0,0.0,0.0;0.0,0.0,0.0;0.0,0.0,0.0;0.0,0.0,0.0;0.0,0.0,0.0;0.0,0.0,0.0;0.0,0.0,0.0;0.0,0.0,0.0;0.0,0.0,0.0;0.0,0.0,0.0;0.0,0.0,0.0
6638;4.9115505E-25,0.0,4.9136647E-25;0.0,0.0,0.0;0.0,0.0,0.0;0.0,0.0,0.0;0.0,0.0,0.0;0.0,0.0,0.0;0.0,0.0,0.0;0.0,0.0,0.0;0.0,0.0,0.0;0.0,0.0,0.0;0.0,0.0,0.0;0.0,0.0,0.0;0.0,0.0,0.0;0.0,0.0,0.0;0.0,0.0,0.0;0.0,0.0,0.0;0.0,0.0,0.0;0.0,0.0,0.0;0.0,0.0,0.0;0.0,0.0,0.0;0.0,0.0,0.0;0.0,0.0,0.0;0.0,0.0,0.0;0.0,0.0,0.0;0.0,0.0,0.0
6675;4.9115505E-25,0.0,4.9136647E-25;0.0,0.0,0.0;0.0,0.0,0.0;0.0,0.0,0.0;0.0,0.0,0.0;0.0,0.0,0.0;0.0,0.0,0.0;0.0,0.0,0.0;0.0,0.0,0.0;0.0,0.0,0.0;0.0,0.0,0.0;0.0,0.0,0.0;0.0,0.0,0.0;0.0,0.0,0.0;0.0,0.0,0.0;0.0,0.0,0.0;0.0,0.0,0.0;0.0,0.0,0.0;0.0,0.0,0.0;0.0,0.0,0.0;0.0,0.0,0.0;0.0,0.0,0.0;0.0,0.0,0.0;0.0,0.0,0.0;0.0,0.0,0.0
6706;4.9115505E-25,0.0,4.9136647E-25;0.0,0.0,0.0;0.0,0.0,0.0;0.0,0.0,0.0;0.0,0.0,0.0;0.0,0.0,0.0;0.0,0.0,0.0;0.0,0.0,0.0;0.0,0.0,0.0;0.0,0.0,0.0;0.0,0.0,0.0;0.0,0.0,0.0;0.0,0.0,0.0;0.0,0.0,0.0;0.0,0.0,0.0;0.0,0.0,0.0;0.0,0.0,0.0;0.0,0.0,0.0;0.0,0.0,0.0;0.0,0.0,0.0;0.0,0.0,0.0;0.0,0.0,0.0;0.0,0.0,0.0;0.0,0.0,0.0;0.0,0.0,0.0
6738;4.9115505E-25,0.0,4.9136647E-25;0.0,0.0,0.0;0.0,0.0,0.0;0.0,0.0,0.0;0.0,0.0,0.0;0.0,0.0,0.0;0.0,0.0,0.0;0.0,0.0,0.0;0.0,0.0,0.0;0.0,0.0,0.0;0.0,0.0,0.0;0.0,0.0,0.0;0.0,0.0,0.0;0.0,0.0,0.0;0.0,0.0,0.0;0.0,0.0,0.0;0.0,0.0,0.0;0.0,0.0,0.0;0.0,0.0,0.0;0.0,0.0,0.0;0.0,0.0,0.0;0.0,0.0,0.0;0.0,0.0,0.0;0.0,0.0,0.0;0.0,0.0,0.0
6774;4.9115505E-25,0.0,4.9136647E-25;0.0,0.0,0.0;0.0,0.0,0.0;0.0,0.0,0.0;0.0,0.0,0.0;0.0,0.0,0.0;0.0,0.0,0.0;0.0,0.0,0.0;0.0,0.0,0.0;0.0,0.0,0.0;0.0,0.0,0.0;0.0,0.0,0.0;0.0,0.0,0.0;0.0,0.0,0.0;0.0,0.0,0.0;0.0,0.0,0.0;0.0,0.0,0.0;0.0,0.0,0.0;0.0,0.0,0.0;0.0,0.0,0.0;0.0,0.0,0.0;0.0,0.0,0.0;0.0,0.0,0.0;0.0,0.0,0.0;0.0,0.0,0.0
6805;4.9115505E-25,0.0,4.9136647E-25;0.0,0.0,0.0;0.0,0.0,0.0;0.0,0.0,0.0;0.0,0.0,0.0;0.0,0.0,0.0;0.0,0.0,0.0;0.0,0.0,0.0;0.0,0.0,0.0;0.0,0.0,0.0;0.0,0.0,0.0;0.0,0.0,0.0;0.0,0.0,0.0;0.0,0.0,0.0;0.0,0.0,0.0;0.0,0.0,0.0;0.0,0.0,0.0;0.0,0.0,0.0;0.0,0.0,0.0;0.0,0.0,0.0;0.0,0.0,0.0;0.0,0.0,0.0;0.0,0.0,0.0;0.0,0.0,0.0;0.0,0.0,0.0
6838;4.9115505E-25,0.0,4.9136647E-25;0.0,0.0,0.0;0.0,0.0,0.0;0.0,0.0,0.0;0.0,0.0,0.0;0.0,0.0,0.0;0.0,0.0,0.0;0.0,0.0,0.0;0.0,0.0,0.0;0.0,0.0,0.0;0.0,0.0,0.0;0.0,0.0,0.0;0.0,0.0,0.0;0.0,0.0,0.0;0.0,0.0,0.0;0.0,0.0,0.0;0.0,0.0,0.0;0.0,0.0,0.0;0.0,0.0,0.0;0.0,0.0,0.0;0.0,0.0,0.0;0.0,0.0,0.0;0.0,0.0,0.0;0.0,0.0,0.0;0.0,0.0,0.0
6873;4.9115505E-25,0.0,4.9136647E-25;0.0,0.0,0.0;0.0,0.0,0.0;0.0,0.0,0.0;0.0,0.0,0.0;0.0,0.0,0.0;0.0,0.0,0.0;0.0,0.0,0.0;0.0,0.0,0.0;0.0,0.0,0.0;0.0,0.0,0.0;0.0,0.0,0.0;0.0,0.0,0.0;0.0,0.0,0.0;0.0,0.0,0.0;0.0,0.0,0.0;0.0,0.0,0.0;0.0,0.0,0.0;0.0,0.0,0.0;0.0,0.0,0.0;0.0,0.0,0.0;0.0,0.0,0.0;0.0,0.0,0.0;0.0,0.0,0.0;0.0,0.0,0.0
6904;4.9115505E-25,0.0,4.9136647E-25;0.0,0.0,0.0;0.0,0.0,0.0;0.0,0.0,0.0;0.0,0.0,0.0;0.0,0.0,0.0;0.0,0.0,0.0;0.0,0.0,0.0;0.0,0.0,0.0;0.0,0.0,0.0;0.0,0.0,0.0;0.0,0.0,0.0;0.0,0.0,0.0;0.0,0.0,0.0;0.0,0.0,0.0;0.0,0.0,0.0;0.0,0.0,0.0;0.0,0.0,0.0;0.0,0.0,0.0;0.0,0.0,0.0;0.0,0.0,0.0;0.0,0.0,0.0;0.0,0.0,0.0;0.0,0.0,0.0;0.0,0.0,0.0
6937;4.9115505E-25,0.0,4.9136647E-25;0.0,0.0,0.0;0.0,0.0,0.0;0.0,0.0,0.0;0.0,0.0,0.0;0.0,0.0,0.0;0.0,0.0,0.0;0.0,0.0,0.0;0.0,0.0,0.0;0.0,0.0,0.0;0.0,0.0,0.0;0.0,0.0,0.0;0.0,0.0,0.0;0.0,0.0,0.0;0.0,0.0,0.0;0.0,0.0,0.0;0.0,0.0,0.0;0.0,0.0,0.0;0.0,0.0,0.0;0.0,0.0,0.0;0.0,0.0,0.0;0.0,0.0,0.0;0.0,0.0,0.0;0.0,0.0,0.0;0.0,0.0,0.0
6973;4.9115505E-25,0.0,4.9136647E-25;0.0,0.0,0.0;0.0,0.0,0.0;0.0,0.0,0.0;0.0,0.0,0.0;0.0,0.0,0.0;0.0,0.0,0.0;0.0,0.0,0.0;0.0,0.0,0.0;0.0,0.0,0.0;0.0,0.0,0.0;0.0,0.0,0.0;0.0,0.0,0.0;0.0,0.0,0.0;0.0,0.0,0.0;0.0,0.0,0.0;0.0,0.0,0.0;0.0,0.0,0.0;0.0,0.0,0.0;0.0,0.0,0.0;0.0,0.0,0.0;0.0,0.0,0.0;0.0,0.0,0.0;0.0,0.0,0.0;0.0,0.0,0.0
7005;4.9115505E-25,0.0,4.9136647E-25;0.0,0.0,0.0;0.0,0.0,0.0;0.0,0.0,0.0;0.0,0.0,0.0;0.0,0.0,0.0;0.0,0.0,0.0;0.0,0.0,0.0;0.0,0.0,0.0;0.0,0.0,0.0;0.0,0.0,0.0;0.0,0.0,0.0;0.0,0.0,0.0;0.0,0.0,0.0;0.0,0.0,0.0;0.0,0.0,0.0;0.0,0.0,0.0;0.0,0.0,0.0;0.0,0.0,0.0;0.0,0.0,0.0;0.0,0.0,0.0;0.0,0.0,0.0;0.0,0.0,0.0;0.0,0.0,0.0;0.0,0.0,0.0
7036;4.9115505E-25,0.0,4.9136647E-25;0.0,0.0,0.0;0.0,0.0,0.0;0.0,0.0,0.0;0.0,0.0,0.0;0.0,0.0,0.0;0.0,0.0,0.0;0.0,0.0,0.0;0.0,0.0,0.0;0.0,0.0,0.0;0.0,0.0,0.0;0.0,0.0,0.0;0.0,0.0,0.0;0.0,0.0,0.0;0.0,0.0,0.0;0.0,0.0,0.0;0.0,0.0,0.0;0.0,0.0,0.0;0.0,0.0,0.0;0.0,0.0,0.0;0.0,0.0,0.0;0.0,0.0,0.0;0.0,0.0,0.0;0.0,0.0,0.0;0.0,0.0,0.0
7072;4.9115505E-25,0.0,4.9136647E-25;0.0,0.0,0.0;0.0,0.0,0.0;0.0,0.0,0.0;0.0,0.0,0.0;0.0,0.0,0.0;0.0,0.0,0.0;0.0,0.0,0.0;0.0,0.0,0.0;0.0,0.0,0.0;0.0,0.0,0.0;0.0,0.0,0.0;0.0,0.0,0.0;0.0,0.0,0.0;0.0,0.0,0.0;0.0,0.0,0.0;0.0,0.0,0.0;0.0,0.0,0.0;0.0,0.0,0.0;0.0,0.0,0.0;0.0,0.0,0.0;0.0,0.0,0.0;0.0,0.0,0.0;0.0,0.0,0.0;0.0,0.0,0.0
7104;4.9115505E-25,0.0,4.9136647E-25;0.0,0.0,0.0;0.0,0.0,0.0;0.0,0.0,0.0;0.0,0.0,0.0;0.0,0.0,0.0;0.0,0.0,0.0;0.0,0.0,0.0;0.0,0.0,0.0;0.0,0.0,0.0;0.0,0.0,0.0;0.0,0.0,0.0;0.0,0.0,0.0;0.0,0.0,0.0;0.0,0.0,0.0;0.0,0.0,0.0;0.0,0.0,0.0;0.0,0.0,0.0;0.0,0.0,0.0;0.0,0.0,0.0;0.0,0.0,0.0;0.0,0.0,0.0;0.0,0.0,0.0;0.0,0.0,0.0;0.0,0.0,0.0
7139;4.9115505E-25,0.0,4.9136647E-25;0.0,0.0,0.0;0.0,0.0,0.0;0.0,0.0,0.0;0.0,0.0,0.0;0.0,0.0,0.0;0.0,0.0,0.0;0.0,0.0,0.0;0.0,0.0,0.0;0.0,0.0,0.0;0.0,0.0,0.0;0.0,0.0,0.0;0.0,0.0,0.0;0.0,0.0,0.0;0.0,0.0,0.0;0.0,0.0,0.0;0.0,0.0,0.0;0.0,0.0,0.0;0.0,0.0,0.0;0.0,0.0,0.0;0.0,0.0,0.0;0.0,0.0,0.0;0.0,0.0,0.0;0.0,0.0,0.0;0.0,0.0,0.0
7181;4.9115505E-25,0.0,4.9136647E-25;0.0,0.0,0.0;0.0,0.0,0.0;0.0,0.0,0.0;0.0,0.0,0.0;0.0,0.0,0.0;0.0,0.0,0.0;0.0,0.0,0.0;0.0,0.0,0.0;0.0,0.0,0.0;0.0,0.0,0.0;0.0,0.0,0.0;0.0,0.0,0.0;0.0,0.0,0.0;0.0,0.0,0.0;0.0,0.0,0.0;0.0,0.0,0.0;0.0,0.0,0.0;0.0,0.0,0.0;0.0,0.0,0.0;0.0,0.0,0.0;0.0,0.0,0.0;0.0,0.0,0.0;0.0,0.0,0.0;0.0,0.0,0.0
7213;4.9115505E-25,0.0,4.9136647E-25;0.0,0.0,0.0;0.0,0.0,0.0;0.0,0.0,0.0;0.0,0.0,0.0;0.0,0.0,0.0;0.0,0.0,0.0;0.0,0.0,0.0;0.0,0.0,0.0;0.0,0.0,0.0;0.0,0.0,0.0;0.0,0.0,0.0;0.0,0.0,0.0;0.0,0.0,0.0;0.0,0.0,0.0;0.0,0.0,0.0;0.0,0.0,0.0;0.0,0.0,0.0;0.0,0.0,0.0;0.0,0.0,0.0;0.0,0.0,0.0;0.0,0.0,0.0;0.0,0.0,0.0;0.0,0.0,0.0;0.0,0.0,0.0
7247;4.9115505E-25,0.0,4.9136647E-25;0.0,0.0,0.0;0.0,0.0,0.0;0.0,0.0,0.0;0.0,0.0,0.0;0.0,0.0,0.0;0.0,0.0,0.0;0.0,0.0,0.0;0.0,0.0,0.0;0.0,0.0,0.0;0.0,0.0,0.0;0.0,0.0,0.0;0.0,0.0,0.0;0.0,0.0,0.0;0.0,0.0,0.0;0.0,0.0,0.0;0.0,0.0,0.0;0.0,0.0,0.0;0.0,0.0,0.0;0.0,0.0,0.0;0.0,0.0,0.0;0.0,0.0,0.0;0.0,0.0,0.0;0.0,0.0,0.0;0.0,0.0,0.0
7274;4.9115505E-25,0.0,4.9136647E-25;0.0,0.0,0.0;0.0,0.0,0.0;0.0,0.0,0.0;0.0,0.0,0.0;0.0,0.0,0.0;0.0,0.0,0.0;0.0,0.0,0.0;0.0,0.0,0.0;0.0,0.0,0.0;0.0,0.0,0.0;0.0,0.0,0.0;0.0,0.0,0.0;0.0,0.0,0.0;0.0,0.0,0.0;0.0,0.0,0.0;0.0,0.0,0.0;0.0,0.0,0.0;0.0,0.0,0.0;0.0,0.0,0.0;0.0,0.0,0.0;0.0,0.0,0.0;0.0,0.0,0.0;0.0,0.0,0.0;0.0,0.0,0.0
7304;4.9115505E-25,0.0,4.9136647E-25;0.0,0.0,0.0;0.0,0.0,0.0;0.0,0.0,0.0;0.0,0.0,0.0;0.0,0.0,0.0;0.0,0.0,0.0;0.0,0.0,0.0;0.0,0.0,0.0;0.0,0.0,0.0;0.0,0.0,0.0;0.0,0.0,0.0;0.0,0.0,0.0;0.0,0.0,0.0;0.0,0.0,0.0;0.0,0.0,0.0;0.0,0.0,0.0;0.0,0.0,0.0;0.0,0.0,0.0;0.0,0.0,0.0;0.0,0.0,0.0;0.0,0.0,0.0;0.0,0.0,0.0;0.0,0.0,0.0;0.0,0.0,0.0
7337;4.9115505E-25,0.0,4.9136647E-25;0.0,0.0,0.0;0.0,0.0,0.0;0.0,0.0,0.0;0.0,0.0,0.0;0.0,0.0,0.0;0.0,0.0,0.0;0.0,0.0,0.0;0.0,0.0,0.0;0.0,0.0,0.0;0.0,0.0,0.0;0.0,0.0,0.0;0.0,0.0,0.0;0.0,0.0,0.0;0.0,0.0,0.0;0.0,0.0,0.0;0.0,0.0,0.0;0.0,0.0,0.0;0.0,0.0,0.0;0.0,0.0,0.0;0.0,0.0,0.0;0.0,0.0,0.0;0.0,0.0,0.0;0.0,0.0,0.0;0.0,0.0,0.0
7372;4.9115505E-25,0.0,4.9136647E-25;0.0,0.0,0.0;0.0,0.0,0.0;0.0,0.0,0.0;0.0,0.0,0.0;0.0,0.0,0.0;0.0,0.0,0.0;0.0,0.0,0.0;0.0,0.0,0.0;0.0,0.0,0.0;0.0,0.0,0.0;0.0,0.0,0.0;0.0,0.0,0.0;0.0,0.0,0.0;0.0,0.0,0.0;0.0,0.0,0.0;0.0,0.0,0.0;0.0,0.0,0.0;0.0,0.0,0.0;0.0,0.0,0.0;0.0,0.0,0.0;0.0,0.0,0.0;0.0,0.0,0.0;0.0,0.0,0.0;0.0,0.0,0.0
